{"valueType":"nodes","values":[{"_typeName":"SecurityQuestion","id":"cjsfy31e502mp0704i38pasnk","updatedAt":"2019-02-22T11:01:04.589Z","question":"What school did you attend for 6th grade?","createdAt":"2019-02-22T11:01:04.589Z"},{"_typeName":"SecurityQuestion","id":"cjsfy3dmz02n10704c6ifw2vr","updatedAt":"2019-02-22T11:01:20.458Z","question":"What country have you always dreamt of vacationing in?","createdAt":"2019-02-22T11:01:20.458Z"},{"_typeName":"SecurityQuestion","id":"cjsfy3ks502nb0704on8wiffq","updatedAt":"2019-02-22T11:01:29.717Z","question":"What was the last name of your favorite elementary school teacher?","createdAt":"2019-02-22T11:01:29.717Z"},{"_typeName":"SecurityQuestion","id":"cjsfy3r7u02nk0704ykn33y42","updatedAt":"2019-02-22T11:01:38.058Z","question":"What was the first album/CD you purchased?","createdAt":"2019-02-22T11:01:38.058Z"},{"_typeName":"SecurityQuestion","id":"cjsfy3xia02nt070471z4b9mr","updatedAt":"2019-02-22T11:01:46.210Z","question":"In what city did you meet your spouse/significant other?","createdAt":"2019-02-22T11:01:46.210Z"},{"_typeName":"SecurityQuestion","id":"cjsfy45c702o30704lsb8mkar","updatedAt":"2019-02-22T11:01:56.358Z","question":"What is the name of your favorite childhood friend?","createdAt":"2019-02-22T11:01:56.358Z"},{"_typeName":"SecurityQuestion","id":"cjsfy4a1n02ob070442vqhtll","updatedAt":"2019-02-22T11:02:02.458Z","question":"Who was your favorite singer/band in high school?","createdAt":"2019-02-22T11:02:02.458Z"},{"_typeName":"SecurityQuestion","id":"cjsfy4eur02oj0704mxpzb1l8","updatedAt":"2019-02-22T11:02:08.691Z","question":"What is the first movie you saw in in thearters?","createdAt":"2019-02-22T11:02:08.691Z"},{"_typeName":"SecurityQuestion","id":"cjsfy4j8202oq0704j9msbtgl","updatedAt":"2019-02-22T11:02:14.354Z","question":"What is your favorite candy/dessert?","createdAt":"2019-02-22T11:02:14.354Z"},{"_typeName":"SecurityQuestion","id":"cjsfy4om302oz0704rpbkz3ha","updatedAt":"2019-02-22T11:02:21.339Z","question":"What is your favorite pastime?","createdAt":"2019-02-22T11:02:21.339Z"},{"_typeName":"SecurityQuestion","id":"cjsfy4tck02p70704to9w5nwr","updatedAt":"2019-02-22T11:02:27.475Z","question":"What is your favorite sport?","createdAt":"2019-02-22T11:02:27.475Z"},{"_typeName":"SecurityQuestion","id":"cjsfy51xy02ph0704g2cxlw8t","updatedAt":"2019-02-22T11:02:38.613Z","question":"What are last 5 digits of your social securiy number?","createdAt":"2019-02-22T11:02:38.613Z"},{"_typeName":"SecurityQuestion","id":"cjsfy56hd02pp0704ffywixpo","updatedAt":"2019-02-22T11:02:44.496Z","question":"Where is your favorite vacation spot?","createdAt":"2019-02-22T11:02:44.496Z"},{"_typeName":"SecurityQuestion","id":"cjsfy5c9j02py0704o8rdxsau","updatedAt":"2019-02-22T11:02:51.991Z","question":"To what city did you go the first time you flew on an airplane?","createdAt":"2019-02-22T11:02:51.991Z"},{"_typeName":"SecurityQuestion","id":"cjsfy5her02q607043bu57tir","updatedAt":"2019-02-22T11:02:58.659Z","question":"What was the first concert you attended?","createdAt":"2019-02-22T11:02:58.659Z"},{"_typeName":"SecurityQuestion","id":"cjsfy5lts02qe07048qo6i2lg","updatedAt":"2019-02-22T11:03:04.384Z","question":"What is your favorite food?","createdAt":"2019-02-22T11:03:04.384Z"},{"_typeName":"SecurityQuestion","id":"cjsfy5q6502ql07048duvkr04","updatedAt":"2019-02-22T11:03:10.013Z","question":"Who was your childhood hero?","createdAt":"2019-02-22T11:03:10.013Z"},{"_typeName":"SecurityQuestion","id":"cjsfy5v9102qu0704i3uexf37","updatedAt":"2019-02-22T11:03:16.597Z","question":"What is your favorite movie character?","createdAt":"2019-02-22T11:03:16.597Z"}]}
