{"valueType":"relations","values":[[{"_typeName":"Trans_Category","id":"cjx6tu3jn00ks0889y2u3ykrv","fieldName":"category"},{"_typeName":"Category","id":"cjuqqr6lb008b0806ngt5fe6h","fieldName":"trans_name"}],[{"_typeName":"Trans_Category","id":"cjx6ty65f00nu0889srww3toq","fieldName":"category"},{"_typeName":"Category","id":"cjuqqr6lb008b0806ngt5fe6h","fieldName":"trans_name"}],[{"_typeName":"Trans_Category","id":"cjx6tu3jt00kt0889vnk0j1wt","fieldName":"category"},{"_typeName":"Category","id":"cjuqqrc7l008j0806a88o4xhq","fieldName":"trans_name"}],[{"_typeName":"Trans_Category","id":"cjx6ty65k00nv0889yapbdfzp","fieldName":"category"},{"_typeName":"Category","id":"cjuqqrc7l008j0806a88o4xhq","fieldName":"trans_name"}],[{"_typeName":"Trans_Category","id":"cjx6tu3jw00ku0889prweve34","fieldName":"category"},{"_typeName":"Category","id":"cjuqqrn29008t0806u40wj4jx","fieldName":"trans_name"}],[{"_typeName":"Trans_Category","id":"cjx6ty65z00nw0889jwdjy8p2","fieldName":"category"},{"_typeName":"Category","id":"cjuqqrn29008t0806u40wj4jx","fieldName":"trans_name"}],[{"_typeName":"Trans_Category","id":"cjx6ty66200nx0889b6e1vt65","fieldName":"category"},{"_typeName":"Category","id":"cjuqqrqrp00900806elmd7glo","fieldName":"trans_name"}],[{"_typeName":"Trans_Category","id":"cjx6tu3jz00kv0889gxhsn5wr","fieldName":"category"},{"_typeName":"Category","id":"cjuqqrqrp00900806elmd7glo","fieldName":"trans_name"}],[{"_typeName":"Trans_Category","id":"cjx6tu3k200kw0889k593zga8","fieldName":"category"},{"_typeName":"Category","id":"cjuqqrw9b00980806wnbk447b","fieldName":"trans_name"}],[{"_typeName":"Trans_Category","id":"cjx6ty66700ny0889k509n1gm","fieldName":"category"},{"_typeName":"Category","id":"cjuqqrw9b00980806wnbk447b","fieldName":"trans_name"}],[{"_typeName":"User","id":"cjx8wh6o100b10a89sn9rx23q","fieldName":"securityAnswers"},{"_typeName":"SecurityAnswer","id":"cjx8wmgyh00c90a899k2ilg9w","fieldName":"user"}],[{"_typeName":"User","id":"cjx8wh6o100b10a89sn9rx23q","fieldName":"securityAnswers"},{"_typeName":"SecurityAnswer","id":"cjx8wmqec00cn0a89du7chlbb","fieldName":"user"}],[{"_typeName":"User","id":"cjx8wh6o100b10a89sn9rx23q","fieldName":"securityAnswers"},{"_typeName":"SecurityAnswer","id":"cjx8wmwa400d10a89rphmp2t3","fieldName":"user"}],[{"_typeName":"Retailer","id":"cjx8wso1x00f30a89i06iqz0n","fieldName":"owner"},{"_typeName":"Assignment","id":"cjx8wh6ob00b20a891z5iczxp","fieldName":"retailers"}],[{"_typeName":"Retailer","id":"cjx8x25h200hn0a8934r3861q","fieldName":"owner"},{"_typeName":"Assignment","id":"cjx8x00t200h70a89h1yju3nx","fieldName":"retailers"}],[{"_typeName":"Trans_Brand","id":"cjx6tu3k900kx0889w9clm4ub","fieldName":"brand"},{"_typeName":"Brand","id":"cjuse8deg01710914b43mxy0e","fieldName":"trans_brandName"}],[{"_typeName":"Trans_Brand","id":"cjx6ty66a00nz088991ezlkcp","fieldName":"brand"},{"_typeName":"Brand","id":"cjuse8deg01710914b43mxy0e","fieldName":"trans_brandName"}],[{"_typeName":"SecurityQuestion","id":"cjsfy4a1n02ob070442vqhtll","fieldName":"securityAnswers"},{"_typeName":"SecurityAnswer","id":"cjx8wmgyh00c90a899k2ilg9w","fieldName":"securityQuestion"}],[{"_typeName":"SecurityQuestion","id":"cjsfy4eur02oj0704mxpzb1l8","fieldName":"securityAnswers"},{"_typeName":"SecurityAnswer","id":"cjx8wmqec00cn0a89du7chlbb","fieldName":"securityQuestion"}],[{"_typeName":"SecurityQuestion","id":"cjsfy4j8202oq0704j9msbtgl","fieldName":"securityAnswers"},{"_typeName":"SecurityAnswer","id":"cjx8wmwa400d10a89rphmp2t3","fieldName":"securityQuestion"}],[{"_typeName":"Role","id":"cjuqspulf01no0806w2h2ndbb","fieldName":"permissions"},{"_typeName":"Permission","id":"cjuqslw8v01kq0806tryrk42q"}],[{"_typeName":"Role","id":"cjx8t83zp003j0a89fdfr6knm","fieldName":"permissions"},{"_typeName":"Permission","id":"cjuqslztq01kx080683ucwp5w"}],[{"_typeName":"Role","id":"cjuqspulf01no0806w2h2ndbb","fieldName":"permissions"},{"_typeName":"Permission","id":"cjuqslztq01kx080683ucwp5w"}],[{"_typeName":"Role","id":"cjuqspulf01no0806w2h2ndbb","fieldName":"permissions"},{"_typeName":"Permission","id":"cjuqsm6ya01lb0806dv1zz1hr"}],[{"_typeName":"Role","id":"cjuqspulf01no0806w2h2ndbb","fieldName":"permissions"},{"_typeName":"Permission","id":"cjx5u0pmm00dv0989j7l86ho5"}],[{"_typeName":"Role","id":"cjuqspulf01no0806w2h2ndbb","fieldName":"permissions"},{"_typeName":"Permission","id":"cjx5v6do900e909890uzsm3n2"}],[{"_typeName":"Role","id":"cjx8t83zp003j0a89fdfr6knm","fieldName":"permissions"},{"_typeName":"Permission","id":"cjx5v7l0700ew0989tgymzcim"}],[{"_typeName":"Role","id":"cjuqspulf01no0806w2h2ndbb","fieldName":"permissions"},{"_typeName":"Permission","id":"cjx5v7l0700ew0989tgymzcim"}],[{"_typeName":"Role","id":"cjx5w43zo00jl09892a8ukweo","fieldName":"permissions"},{"_typeName":"Permission","id":"cjx5v7l0700ew0989tgymzcim"}],[{"_typeName":"Role","id":"cjx5y3o1z00pi0989ngi6rjtt","fieldName":"permissions"},{"_typeName":"Permission","id":"cjx5vb1zy00fk0989ka62y1b4"}],[{"_typeName":"Role","id":"cjuqspulf01no0806w2h2ndbb","fieldName":"permissions"},{"_typeName":"Permission","id":"cjx5vb1zy00fk0989ka62y1b4"}],[{"_typeName":"Role","id":"cjx5w43zo00jl09892a8ukweo","fieldName":"permissions"},{"_typeName":"Permission","id":"cjx5vb1zy00fk0989ka62y1b4"}],[{"_typeName":"Role","id":"cjuqspulf01no0806w2h2ndbb","fieldName":"permissions"},{"_typeName":"Permission","id":"cjx5vb20300fo0989vnvkoewu"}],[{"_typeName":"Role","id":"cjx5w43zo00jl09892a8ukweo","fieldName":"permissions"},{"_typeName":"Permission","id":"cjx5vb20300fo0989vnvkoewu"}],[{"_typeName":"Role","id":"cjuqspulf01no0806w2h2ndbb","fieldName":"permissions"},{"_typeName":"Permission","id":"cjx5vb20700fs0989uovynboa"}],[{"_typeName":"Role","id":"cjx5w43zo00jl09892a8ukweo","fieldName":"permissions"},{"_typeName":"Permission","id":"cjx5vb20700fs0989uovynboa"}],[{"_typeName":"Role","id":"cjx5w43zo00jl09892a8ukweo","fieldName":"permissions"},{"_typeName":"Permission","id":"cjx5vb20d00fw0989qtnom3a1"}],[{"_typeName":"Role","id":"cjuqspulf01no0806w2h2ndbb","fieldName":"permissions"},{"_typeName":"Permission","id":"cjx5vb20d00fw0989qtnom3a1"}],[{"_typeName":"Role","id":"cjx5w43zo00jl09892a8ukweo","fieldName":"permissions"},{"_typeName":"Permission","id":"cjx5vb20i00g009896pcv85at"}],[{"_typeName":"Role","id":"cjuqspulf01no0806w2h2ndbb","fieldName":"permissions"},{"_typeName":"Permission","id":"cjx5vb20i00g009896pcv85at"}],[{"_typeName":"Role","id":"cjx5vzlrs00im0989hhr8d543","fieldName":"permissions"},{"_typeName":"Permission","id":"cjx5vdbsr00gl0989cbn40cdl"}],[{"_typeName":"Role","id":"cjx5y3o1z00pi0989ngi6rjtt","fieldName":"permissions"},{"_typeName":"Permission","id":"cjx5vdbsr00gl0989cbn40cdl"}],[{"_typeName":"Role","id":"cjuqspulf01no0806w2h2ndbb","fieldName":"permissions"},{"_typeName":"Permission","id":"cjx5vdbsr00gl0989cbn40cdl"}],[{"_typeName":"Role","id":"cjx5vzlrs00im0989hhr8d543","fieldName":"permissions"},{"_typeName":"Permission","id":"cjx5vdbsx00gp0989ruaz0n1p"}],[{"_typeName":"Role","id":"cjx5y3o1z00pi0989ngi6rjtt","fieldName":"permissions"},{"_typeName":"Permission","id":"cjx5vdbsx00gp0989ruaz0n1p"}],[{"_typeName":"Role","id":"cjuqspulf01no0806w2h2ndbb","fieldName":"permissions"},{"_typeName":"Permission","id":"cjx5vdbsx00gp0989ruaz0n1p"}],[{"_typeName":"Role","id":"cjuqspulf01no0806w2h2ndbb","fieldName":"permissions"},{"_typeName":"Permission","id":"cjx5vdbt200gt0989bkeoyeys"}],[{"_typeName":"Role","id":"cjx5y3o1z00pi0989ngi6rjtt","fieldName":"permissions"},{"_typeName":"Permission","id":"cjx5vdbt200gt0989bkeoyeys"}],[{"_typeName":"Role","id":"cjx5vzlrs00im0989hhr8d543","fieldName":"permissions"},{"_typeName":"Permission","id":"cjx5vdbt200gt0989bkeoyeys"}],[{"_typeName":"Role","id":"cjx5y3o1z00pi0989ngi6rjtt","fieldName":"permissions"},{"_typeName":"Permission","id":"cjx5vdbt700gx09892ifyfcuf"}],[{"_typeName":"Role","id":"cjuqspulf01no0806w2h2ndbb","fieldName":"permissions"},{"_typeName":"Permission","id":"cjx5vdbt700gx09892ifyfcuf"}],[{"_typeName":"Role","id":"cjx5vzlrs00im0989hhr8d543","fieldName":"permissions"},{"_typeName":"Permission","id":"cjx5vdbt700gx09892ifyfcuf"}],[{"_typeName":"Role","id":"cjx5vzlrs00im0989hhr8d543","fieldName":"permissions"},{"_typeName":"Permission","id":"cjx5vdbtb00h10989ygazfgv2"}],[{"_typeName":"Role","id":"cjuqspulf01no0806w2h2ndbb","fieldName":"permissions"},{"_typeName":"Permission","id":"cjx5vdbtb00h10989ygazfgv2"}],[{"_typeName":"Role","id":"cjx5vzlrs00im0989hhr8d543","fieldName":"permissions"},{"_typeName":"Permission","id":"cjx5vdbtj00h509896cw3u8uh"}],[{"_typeName":"Role","id":"cjuqspulf01no0806w2h2ndbb","fieldName":"permissions"},{"_typeName":"Permission","id":"cjx5vdbtj00h509896cw3u8uh"}],[{"_typeName":"Role","id":"cjx5y3o1z00pi0989ngi6rjtt","fieldName":"permissions"},{"_typeName":"Permission","id":"cjx5wxmg600kv0989lswwy25p"}],[{"_typeName":"Role","id":"cjuqspulf01no0806w2h2ndbb","fieldName":"permissions"},{"_typeName":"Permission","id":"cjx5wxmg600kv0989lswwy25p"}],[{"_typeName":"Role","id":"cjx5x2hmb00nl0989jiwdxjig","fieldName":"permissions"},{"_typeName":"Permission","id":"cjx5wxmg600kv0989lswwy25p"}],[{"_typeName":"Role","id":"cjx8t83zp003j0a89fdfr6knm","fieldName":"permissions"},{"_typeName":"Permission","id":"cjx5wxmg600kv0989lswwy25p"}],[{"_typeName":"Role","id":"cjx5x2hmb00nl0989jiwdxjig","fieldName":"permissions"},{"_typeName":"Permission","id":"cjx5wxmi000kz0989p07jhqpl"}],[{"_typeName":"Role","id":"cjuqspulf01no0806w2h2ndbb","fieldName":"permissions"},{"_typeName":"Permission","id":"cjx5wxmi000kz0989p07jhqpl"}],[{"_typeName":"Role","id":"cjx5x2hmb00nl0989jiwdxjig","fieldName":"permissions"},{"_typeName":"Permission","id":"cjx5wxmif00l30989p4xuimj6"}],[{"_typeName":"Role","id":"cjuqspulf01no0806w2h2ndbb","fieldName":"permissions"},{"_typeName":"Permission","id":"cjx5wxmif00l30989p4xuimj6"}],[{"_typeName":"Role","id":"cjuqspulf01no0806w2h2ndbb","fieldName":"permissions"},{"_typeName":"Permission","id":"cjx5wxmik00l70989sfp71ddz"}],[{"_typeName":"Role","id":"cjx5x2hmb00nl0989jiwdxjig","fieldName":"permissions"},{"_typeName":"Permission","id":"cjx5wxmik00l70989sfp71ddz"}],[{"_typeName":"Role","id":"cjuqspulf01no0806w2h2ndbb","fieldName":"permissions"},{"_typeName":"Permission","id":"cjx5wxmj000lb0989n0hucuu1"}],[{"_typeName":"Role","id":"cjx5x2hmb00nl0989jiwdxjig","fieldName":"permissions"},{"_typeName":"Permission","id":"cjx5wxmj000lb0989n0hucuu1"}],[{"_typeName":"Role","id":"cjuqspulf01no0806w2h2ndbb","fieldName":"permissions"},{"_typeName":"Permission","id":"cjx5wxml200lf09897ygxj0eu"}],[{"_typeName":"Role","id":"cjx5x2hmb00nl0989jiwdxjig","fieldName":"permissions"},{"_typeName":"Permission","id":"cjx5wxml200lf09897ygxj0eu"}],[{"_typeName":"Role","id":"cjx5x2hmb00nl0989jiwdxjig","fieldName":"permissions"},{"_typeName":"Permission","id":"cjx5wxmlt00lj0989j1w6hpx9"}],[{"_typeName":"Role","id":"cjuqspulf01no0806w2h2ndbb","fieldName":"permissions"},{"_typeName":"Permission","id":"cjx5wxmlt00lj0989j1w6hpx9"}],[{"_typeName":"Role","id":"cjuqspulf01no0806w2h2ndbb","fieldName":"permissions"},{"_typeName":"Permission","id":"cjx5wxmmk00ln09893bq8t3lj"}],[{"_typeName":"Role","id":"cjx5x2hmb00nl0989jiwdxjig","fieldName":"permissions"},{"_typeName":"Permission","id":"cjx5wxmmk00ln09893bq8t3lj"}],[{"_typeName":"Role","id":"cjuqspulf01no0806w2h2ndbb","fieldName":"permissions"},{"_typeName":"Permission","id":"cjx5wxmmy00lr0989fm2u5hyw"}],[{"_typeName":"Role","id":"cjx5x2hmb00nl0989jiwdxjig","fieldName":"permissions"},{"_typeName":"Permission","id":"cjx5wxmmy00lr0989fm2u5hyw"}],[{"_typeName":"Role","id":"cjx8t83zp003j0a89fdfr6knm","fieldName":"permissions"},{"_typeName":"Permission","id":"cjx5wxmnm00lz0989atvi9i78"}],[{"_typeName":"Role","id":"cjuqspulf01no0806w2h2ndbb","fieldName":"permissions"},{"_typeName":"Permission","id":"cjx5wxmnm00lz0989atvi9i78"}],[{"_typeName":"Role","id":"cjx5x2hmb00nl0989jiwdxjig","fieldName":"permissions"},{"_typeName":"Permission","id":"cjx5wxmnm00lz0989atvi9i78"}],[{"_typeName":"Role","id":"cjuqspulf01no0806w2h2ndbb","fieldName":"permissions"},{"_typeName":"Permission","id":"cjx8svwkc001i0a89fst3892c"}],[{"_typeName":"Role","id":"cjx8t83zp003j0a89fdfr6knm","fieldName":"permissions"},{"_typeName":"Permission","id":"cjx8svwkc001i0a89fst3892c"}],[{"_typeName":"Role","id":"cjx8t83zp003j0a89fdfr6knm","fieldName":"permissions"},{"_typeName":"Permission","id":"cjx8svwkk001m0a89b4z7ro3y"}],[{"_typeName":"Role","id":"cjuqspulf01no0806w2h2ndbb","fieldName":"permissions"},{"_typeName":"Permission","id":"cjx8svwkk001m0a89b4z7ro3y"}],[{"_typeName":"Role","id":"cjuqspulf01no0806w2h2ndbb","fieldName":"permissions"},{"_typeName":"Permission","id":"cjx8svwks001q0a89g8haiq4w"}],[{"_typeName":"Role","id":"cjuqspulf01no0806w2h2ndbb","fieldName":"permissions"},{"_typeName":"Permission","id":"cjx8y8sbl00l10a899ijdrgd2"}],[{"_typeName":"Role","id":"cjx8t83zp003j0a89fdfr6knm","fieldName":"permissions"},{"_typeName":"Permission","id":"cjx8y8sbl00l10a899ijdrgd2"}],[{"_typeName":"Role","id":"cjuqspulf01no0806w2h2ndbb","fieldName":"permissions"},{"_typeName":"Permission","id":"cjx8yadba00lb0a896t0brh7s"}],[{"_typeName":"Role","id":"cjx5y3o1z00pi0989ngi6rjtt","fieldName":"permissions"},{"_typeName":"Permission","id":"cjx8yadba00lb0a896t0brh7s"}],[{"_typeName":"Role","id":"cjx5w43zo00jl09892a8ukweo","fieldName":"permissions"},{"_typeName":"Permission","id":"cjx8yadba00lb0a896t0brh7s"}],[{"_typeName":"Role","id":"cjx5vzlrs00im0989hhr8d543","fieldName":"permissions"},{"_typeName":"Permission","id":"cjx8yodkd00lq0a89v3jdcz2v"}],[{"_typeName":"Role","id":"cjuqspulf01no0806w2h2ndbb","fieldName":"permissions"},{"_typeName":"Permission","id":"cjx8yodkd00lq0a89v3jdcz2v"}],[{"_typeName":"User","id":"cjx8wh6o100b10a89sn9rx23q","fieldName":"addresses"},{"_typeName":"Address","id":"cjx8wjksu00bp0a89wasvqsga"}],[{"_typeName":"Trans_Brand","id":"cjx6tu3k900kx0889w9clm4ub","fieldName":"language"},{"_typeName":"Language","id":"cjx6tu3jk00kr0889zv7pbt0v","fieldName":"trans_brand"}],[{"_typeName":"Trans_Brand","id":"cjx6ty66a00nz088991ezlkcp","fieldName":"language"},{"_typeName":"Language","id":"cjx6ty65d00nt08899l7mt21l","fieldName":"trans_brand"}],[{"_typeName":"User","id":"cjx8wh6o100b10a89sn9rx23q","fieldName":"assignment"},{"_typeName":"Assignment","id":"cjx8wh6ob00b20a891z5iczxp","fieldName":"user"}],[{"_typeName":"User","id":"cjx8wv3xc00fx0a892sruumxg","fieldName":"assignment"},{"_typeName":"Assignment","id":"cjx8wv3xe00fy0a89lfopbvi4","fieldName":"user"}],[{"_typeName":"User","id":"cjx8x00t000h60a8910d242yf","fieldName":"assignment"},{"_typeName":"Assignment","id":"cjx8x00t200h70a89h1yju3nx","fieldName":"user"}],[{"_typeName":"User","id":"cjx8xbr0d00jw0a890jdodu3z","fieldName":"assignment"},{"_typeName":"Assignment","id":"cjx8xbr0f00jx0a896ldr4zuo","fieldName":"user"}],[{"_typeName":"ProductAttributeValue","id":"cjv307d3q05mc0815l9c4ojzz","fieldName":"attribute"},{"_typeName":"ProductAttribute","id":"cjv307d3k05mb0815yu7yb3uw","fieldName":"values"}],[{"_typeName":"ProductAttributeValue","id":"cjv307d3z05md0815z2y0yf98","fieldName":"attribute"},{"_typeName":"ProductAttribute","id":"cjv307d3k05mb0815yu7yb3uw","fieldName":"values"}],[{"_typeName":"ProductAttributeValue","id":"cjv307d4105me0815h6v1meyq","fieldName":"attribute"},{"_typeName":"ProductAttribute","id":"cjv307d3k05mb0815yu7yb3uw","fieldName":"values"}],[{"_typeName":"ProductAttributeValue","id":"cjv307d4405mf0815hwz6r4lr","fieldName":"attribute"},{"_typeName":"ProductAttribute","id":"cjv307d3k05mb0815yu7yb3uw","fieldName":"values"}],[{"_typeName":"ProductAttributeValue","id":"cjv307tt505n2081554f1uwpb","fieldName":"attribute"},{"_typeName":"ProductAttribute","id":"cjv307tsz05n10815ce4h820h","fieldName":"values"}],[{"_typeName":"ProductAttributeValue","id":"cjv307tt805n30815lbgk3efj","fieldName":"attribute"},{"_typeName":"ProductAttribute","id":"cjv307tsz05n10815ce4h820h","fieldName":"values"}],[{"_typeName":"ProductAttributeValue","id":"cjv307tta05n40815zs9dm48a","fieldName":"attribute"},{"_typeName":"ProductAttribute","id":"cjv307tsz05n10815ce4h820h","fieldName":"values"}],[{"_typeName":"ProductAttributeValue","id":"cjv307ttg05n50815wkmkdtwj","fieldName":"attribute"},{"_typeName":"ProductAttribute","id":"cjv307tsz05n10815ce4h820h","fieldName":"values"}],[{"_typeName":"ProductAttributeValue","id":"cjv30884q05nr0815xc3sf2mp","fieldName":"attribute"},{"_typeName":"ProductAttribute","id":"cjv30884n05nq08156a558fz9","fieldName":"values"}],[{"_typeName":"ProductAttributeValue","id":"cjv30884t05ns0815p7odwa4y","fieldName":"attribute"},{"_typeName":"ProductAttribute","id":"cjv30884n05nq08156a558fz9","fieldName":"values"}],[{"_typeName":"ProductAttributeValue","id":"cjv30884w05nt0815dsbkj3nl","fieldName":"attribute"},{"_typeName":"ProductAttribute","id":"cjv30884n05nq08156a558fz9","fieldName":"values"}],[{"_typeName":"ProductAttributeValue","id":"cjv30884z05nu08159jpanq8x","fieldName":"attribute"},{"_typeName":"ProductAttribute","id":"cjv30884n05nq08156a558fz9","fieldName":"values"}],[{"_typeName":"Trans_Category","id":"cjx6tu3jn00ks0889y2u3ykrv","fieldName":"language"},{"_typeName":"Language","id":"cjx6tu3jk00kr0889zv7pbt0v","fieldName":"trans_category"}],[{"_typeName":"Trans_Category","id":"cjx6tu3jt00kt0889vnk0j1wt","fieldName":"language"},{"_typeName":"Language","id":"cjx6tu3jk00kr0889zv7pbt0v","fieldName":"trans_category"}],[{"_typeName":"Trans_Category","id":"cjx6tu3jw00ku0889prweve34","fieldName":"language"},{"_typeName":"Language","id":"cjx6tu3jk00kr0889zv7pbt0v","fieldName":"trans_category"}],[{"_typeName":"Trans_Category","id":"cjx6tu3jz00kv0889gxhsn5wr","fieldName":"language"},{"_typeName":"Language","id":"cjx6tu3jk00kr0889zv7pbt0v","fieldName":"trans_category"}],[{"_typeName":"Trans_Category","id":"cjx6tu3k200kw0889k593zga8","fieldName":"language"},{"_typeName":"Language","id":"cjx6tu3jk00kr0889zv7pbt0v","fieldName":"trans_category"}],[{"_typeName":"Trans_Category","id":"cjx6ty65f00nu0889srww3toq","fieldName":"language"},{"_typeName":"Language","id":"cjx6ty65d00nt08899l7mt21l","fieldName":"trans_category"}],[{"_typeName":"Trans_Category","id":"cjx6ty65k00nv0889yapbdfzp","fieldName":"language"},{"_typeName":"Language","id":"cjx6ty65d00nt08899l7mt21l","fieldName":"trans_category"}],[{"_typeName":"Trans_Category","id":"cjx6ty65z00nw0889jwdjy8p2","fieldName":"language"},{"_typeName":"Language","id":"cjx6ty65d00nt08899l7mt21l","fieldName":"trans_category"}],[{"_typeName":"Trans_Category","id":"cjx6ty66200nx0889b6e1vt65","fieldName":"language"},{"_typeName":"Language","id":"cjx6ty65d00nt08899l7mt21l","fieldName":"trans_category"}],[{"_typeName":"Trans_Category","id":"cjx6ty66700ny0889k509n1gm","fieldName":"language"},{"_typeName":"Language","id":"cjx6ty65d00nt08899l7mt21l","fieldName":"trans_category"}],[{"_typeName":"Role","id":"cjuqspulf01no0806w2h2ndbb"},{"_typeName":"Assignment","id":"cjx8wh6ob00b20a891z5iczxp","fieldName":"roles"}],[{"_typeName":"Role","id":"cjx8t83zp003j0a89fdfr6knm"},{"_typeName":"Assignment","id":"cjx8wv3xe00fy0a89lfopbvi4","fieldName":"roles"}],[{"_typeName":"Role","id":"cjx8t83zp003j0a89fdfr6knm"},{"_typeName":"Assignment","id":"cjx8x00t200h70a89h1yju3nx","fieldName":"roles"}],[{"_typeName":"Role","id":"cjx8t83zp003j0a89fdfr6knm"},{"_typeName":"Assignment","id":"cjx8xbr0f00jx0a896ldr4zuo","fieldName":"roles"}]]}