{"valueType":"relations","values":[[{"_typeName":"Retailer","id":"cjurxpx4o00az07063f7imdn3","fieldName":"owner"},{"_typeName":"Assignment","id":"cjurxpx3g00ay07063h2apedn","fieldName":"retailers"}],[{"_typeName":"Role","id":"cjuqspulf01no0806w2h2ndbb","fieldName":"permissions"},{"_typeName":"Permission","id":"cjuqslmem01kf08062ztzkp4f"}],[{"_typeName":"User","id":"cjuqt3f7b01sv0806aswv772q","fieldName":"assignment"},{"_typeName":"Assignment","id":"cjurxpx3g00ay07063h2apedn","fieldName":"user"}],[{"_typeName":"Permission","id":"cjuqslmem01kf08062ztzkp4f"},{"_typeName":"Assignment","id":"cjurxpx3g00ay07063h2apedn","fieldName":"permissions"}],[{"_typeName":"ProductPropertiesValue","id":"cjv307d3q05mc0815l9c4ojzz","fieldName":"property"},{"_typeName":"ProductPropertiesName","id":"cjv307d3k05mb0815yu7yb3uw","fieldName":"values"}],[{"_typeName":"ProductPropertiesValue","id":"cjv307d3z05md0815z2y0yf98","fieldName":"property"},{"_typeName":"ProductPropertiesName","id":"cjv307d3k05mb0815yu7yb3uw","fieldName":"values"}],[{"_typeName":"ProductPropertiesValue","id":"cjv307d4105me0815h6v1meyq","fieldName":"property"},{"_typeName":"ProductPropertiesName","id":"cjv307d3k05mb0815yu7yb3uw","fieldName":"values"}],[{"_typeName":"ProductPropertiesValue","id":"cjv307d4405mf0815hwz6r4lr","fieldName":"property"},{"_typeName":"ProductPropertiesName","id":"cjv307d3k05mb0815yu7yb3uw","fieldName":"values"}],[{"_typeName":"ProductPropertiesValue","id":"cjv307tt505n2081554f1uwpb","fieldName":"property"},{"_typeName":"ProductPropertiesName","id":"cjv307tsz05n10815ce4h820h","fieldName":"values"}],[{"_typeName":"ProductPropertiesValue","id":"cjv307tt805n30815lbgk3efj","fieldName":"property"},{"_typeName":"ProductPropertiesName","id":"cjv307tsz05n10815ce4h820h","fieldName":"values"}],[{"_typeName":"ProductPropertiesValue","id":"cjv307tta05n40815zs9dm48a","fieldName":"property"},{"_typeName":"ProductPropertiesName","id":"cjv307tsz05n10815ce4h820h","fieldName":"values"}],[{"_typeName":"ProductPropertiesValue","id":"cjv307ttg05n50815wkmkdtwj","fieldName":"property"},{"_typeName":"ProductPropertiesName","id":"cjv307tsz05n10815ce4h820h","fieldName":"values"}],[{"_typeName":"ProductPropertiesValue","id":"cjv30884q05nr0815xc3sf2mp","fieldName":"property"},{"_typeName":"ProductPropertiesName","id":"cjv30884n05nq08156a558fz9","fieldName":"values"}],[{"_typeName":"ProductPropertiesValue","id":"cjv30884t05ns0815p7odwa4y","fieldName":"property"},{"_typeName":"ProductPropertiesName","id":"cjv30884n05nq08156a558fz9","fieldName":"values"}],[{"_typeName":"ProductPropertiesValue","id":"cjv30884w05nt0815dsbkj3nl","fieldName":"property"},{"_typeName":"ProductPropertiesName","id":"cjv30884n05nq08156a558fz9","fieldName":"values"}],[{"_typeName":"ProductPropertiesValue","id":"cjv30884z05nu08159jpanq8x","fieldName":"property"},{"_typeName":"ProductPropertiesName","id":"cjv30884n05nq08156a558fz9","fieldName":"values"}],[{"_typeName":"Role","id":"cjuqspulf01no0806w2h2ndbb"},{"_typeName":"Assignment","id":"cjurxpx3g00ay07063h2apedn","fieldName":"roles"}]]}