{"valueType":"relations","values":[[{"_typeName":"Trans_Catalog","id":"cjxedzz0200il0879bcs0aj13","fieldName":"language"},{"_typeName":"Language","id":"cjxedbe2t002q08797urgrjcl","fieldName":"trans_catalog"}],[{"_typeName":"Trans_Catalog","id":"cjxedzz0x00ir0879w8qwdm06","fieldName":"language"},{"_typeName":"Language","id":"cjxedbe2t002q08797urgrjcl","fieldName":"trans_catalog"}],[{"_typeName":"Trans_Catalog","id":"cjxedzz1m00ix0879wt8w3kye","fieldName":"language"},{"_typeName":"Language","id":"cjxedbe2t002q08797urgrjcl","fieldName":"trans_catalog"}],[{"_typeName":"Trans_Catalog","id":"cjxedzz2100j30879mssl0yx6","fieldName":"language"},{"_typeName":"Language","id":"cjxedbe2t002q08797urgrjcl","fieldName":"trans_catalog"}],[{"_typeName":"Trans_Catalog","id":"cjxedzz2m00j90879mjflwt35","fieldName":"language"},{"_typeName":"Language","id":"cjxedbe2t002q08797urgrjcl","fieldName":"trans_catalog"}],[{"_typeName":"Trans_Catalog","id":"cjxee3s9y00mk0879k3khm1ps","fieldName":"language"},{"_typeName":"Language","id":"cjxedbkf9003008795hmei49e","fieldName":"trans_catalog"}],[{"_typeName":"Trans_Catalog","id":"cjxee599800n10879mbknhctf","fieldName":"language"},{"_typeName":"Language","id":"cjxedbkf9003008795hmei49e","fieldName":"trans_catalog"}],[{"_typeName":"Trans_Catalog","id":"cjxee599k00n70879ida2wmj7","fieldName":"language"},{"_typeName":"Language","id":"cjxedbkf9003008795hmei49e","fieldName":"trans_catalog"}],[{"_typeName":"Trans_Catalog","id":"cjxee599v00nd087956lqu5kd","fieldName":"language"},{"_typeName":"Language","id":"cjxedbkf9003008795hmei49e","fieldName":"trans_catalog"}],[{"_typeName":"Trans_Catalog","id":"cjxee59a700nj0879vyw470k5","fieldName":"language"},{"_typeName":"Language","id":"cjxedbkf9003008795hmei49e","fieldName":"trans_catalog"}],[{"_typeName":"User","id":"cjyd24brm034p0702c6c5egzk","fieldName":"securityAnswers"},{"_typeName":"SecurityAnswer","id":"cjyd24brn034q0702sg2ee3gy","fieldName":"user"}],[{"_typeName":"User","id":"cjyd24brm034p0702c6c5egzk","fieldName":"securityAnswers"},{"_typeName":"SecurityAnswer","id":"cjyd24bru034r0702j6ndh4v9","fieldName":"user"}],[{"_typeName":"User","id":"cjyd24brm034p0702c6c5egzk","fieldName":"securityAnswers"},{"_typeName":"SecurityAnswer","id":"cjyd24brx034s0702549ngpgh","fieldName":"user"}],[{"_typeName":"Retailer","id":"cjyd25es2035e0702u1j5v727","fieldName":"owner"},{"_typeName":"Assignment","id":"cjyd24bs0034t0702wa4x4gag","fieldName":"retailers"}],[{"_typeName":"Retailer","id":"cjyd28sxt036y070214yrpgej","fieldName":"owner"},{"_typeName":"Assignment","id":"cjyd28457036i0702bnyksbpr","fieldName":"retailers"}],[{"_typeName":"Retailer","id":"cjyd2azwn037o0702m73223cn","fieldName":"owner"},{"_typeName":"Assignment","id":"cjyd28457036i0702bnyksbpr","fieldName":"retailers"}],[{"_typeName":"Policy","id":"cjyd0wvev02la0702j3qag1ry","fieldName":"requiredPermissions"},{"_typeName":"Permission","id":"cjuqslztq01kx080683ucwp5w"}],[{"_typeName":"Policy","id":"cjyd0wvf602le0702ig1a24fl","fieldName":"requiredPermissions"},{"_typeName":"Permission","id":"cjuqslztq01kx080683ucwp5w"}],[{"_typeName":"Policy","id":"cjyd0wvfc02li0702u5v1vc7x","fieldName":"requiredPermissions"},{"_typeName":"Permission","id":"cjuqslztq01kx080683ucwp5w"}],[{"_typeName":"Policy","id":"cjyd0wvep02l607023jrxdlx7","fieldName":"requiredPermissions"},{"_typeName":"Permission","id":"cjuqslztq01kx080683ucwp5w"}],[{"_typeName":"Policy","id":"cjyd0wvev02la0702j3qag1ry","fieldName":"requiredPermissions"},{"_typeName":"Permission","id":"cjx5v6do900e909890uzsm3n2"}],[{"_typeName":"Policy","id":"cjyd0wvfc02li0702u5v1vc7x","fieldName":"requiredPermissions"},{"_typeName":"Permission","id":"cjx5v6do900e909890uzsm3n2"}],[{"_typeName":"Policy","id":"cjyd0wvep02l607023jrxdlx7","fieldName":"requiredPermissions"},{"_typeName":"Permission","id":"cjx5v6do900e909890uzsm3n2"}],[{"_typeName":"Policy","id":"cjyd0wvf602le0702ig1a24fl","fieldName":"requiredPermissions"},{"_typeName":"Permission","id":"cjx5v6do900e909890uzsm3n2"}],[{"_typeName":"Policy","id":"cjyd0wvgq02mq0702fv6bdeq4","fieldName":"requiredPermissions"},{"_typeName":"Permission","id":"cjx5v7l0700ew0989tgymzcim"}],[{"_typeName":"Policy","id":"cjyd0wvgu02mu0702i09a30m1","fieldName":"requiredPermissions"},{"_typeName":"Permission","id":"cjx5vb1zy00fk0989ka62y1b4"}],[{"_typeName":"Policy","id":"cjyd0wvfq02lu0702rlhnlwac","fieldName":"requiredPermissions"},{"_typeName":"Permission","id":"cjx5vb20300fo0989vnvkoewu"}],[{"_typeName":"Policy","id":"cjyd0wvgb02me0702nzdao7ck","fieldName":"requiredPermissions"},{"_typeName":"Permission","id":"cjx5vb20700fs0989uovynboa"}],[{"_typeName":"Policy","id":"cjyd0wvfy02m207026e449aff","fieldName":"requiredPermissions"},{"_typeName":"Permission","id":"cjx5vb20700fs0989uovynboa"}],[{"_typeName":"Policy","id":"cjyd0wvgu02mu0702i09a30m1","fieldName":"requiredPermissions"},{"_typeName":"Permission","id":"cjx5vb20700fs0989uovynboa"}],[{"_typeName":"Policy","id":"cjyd0wvfq02lu0702rlhnlwac","fieldName":"requiredPermissions"},{"_typeName":"Permission","id":"cjx5vb20700fs0989uovynboa"}],[{"_typeName":"Policy","id":"cjyd0wvfy02m207026e449aff","fieldName":"requiredPermissions"},{"_typeName":"Permission","id":"cjx5vb20d00fw0989qtnom3a1"}],[{"_typeName":"Policy","id":"cjyd0wvgb02me0702nzdao7ck","fieldName":"requiredPermissions"},{"_typeName":"Permission","id":"cjx5vb20d00fw0989qtnom3a1"}],[{"_typeName":"Policy","id":"cjyd0wvgz02my07026vo2vmc4","fieldName":"requiredPermissions"},{"_typeName":"Permission","id":"cjx5vdbsr00gl0989cbn40cdl"}],[{"_typeName":"Policy","id":"cjyd0wvh902n60702191eqye7","fieldName":"requiredPermissions"},{"_typeName":"Permission","id":"cjx5vdbsx00gp0989ruaz0n1p"}],[{"_typeName":"Policy","id":"cjyd0wvfh02lm0702dq4vqliz","fieldName":"requiredPermissions"},{"_typeName":"Permission","id":"cjx5vdbsx00gp0989ruaz0n1p"}],[{"_typeName":"Policy","id":"cjyd0wvh202n207027pzy9utv","fieldName":"requiredPermissions"},{"_typeName":"Permission","id":"cjx5vdbsx00gp0989ruaz0n1p"}],[{"_typeName":"Policy","id":"cjyd0wvh902n60702191eqye7","fieldName":"requiredPermissions"},{"_typeName":"Permission","id":"cjx5vdbt700gx09892ifyfcuf"}],[{"_typeName":"Policy","id":"cjyd0wvg702ma0702gq2ms66j","fieldName":"requiredPermissions"},{"_typeName":"Permission","id":"cjx5vdbtb00h10989ygazfgv2"}],[{"_typeName":"Policy","id":"cjyd0wvgm02mm0702a0arjxs1","fieldName":"requiredPermissions"},{"_typeName":"Permission","id":"cjx5vdbtb00h10989ygazfgv2"}],[{"_typeName":"Policy","id":"cjyd0wvh202n207027pzy9utv","fieldName":"requiredPermissions"},{"_typeName":"Permission","id":"cjx5vdbtj00h509896cw3u8uh"}],[{"_typeName":"Policy","id":"cjyd0wvgz02my07026vo2vmc4","fieldName":"requiredPermissions"},{"_typeName":"Permission","id":"cjx5vdbtj00h509896cw3u8uh"}],[{"_typeName":"Policy","id":"cjyd0wvgm02mm0702a0arjxs1","fieldName":"requiredPermissions"},{"_typeName":"Permission","id":"cjx5vdbtj00h509896cw3u8uh"}],[{"_typeName":"Policy","id":"cjyd0wvg702ma0702gq2ms66j","fieldName":"requiredPermissions"},{"_typeName":"Permission","id":"cjx5vdbtj00h509896cw3u8uh"}],[{"_typeName":"Policy","id":"cjyd0wvh902n60702191eqye7","fieldName":"requiredPermissions"},{"_typeName":"Permission","id":"cjx5vdbtj00h509896cw3u8uh"}],[{"_typeName":"Policy","id":"cjyd0wvfh02lm0702dq4vqliz","fieldName":"requiredPermissions"},{"_typeName":"Permission","id":"cjx5vdbtj00h509896cw3u8uh"}],[{"_typeName":"Policy","id":"cjyd0wvg202m607026va7u7jr","fieldName":"requiredPermissions"},{"_typeName":"Permission","id":"cjx5wxmg600kv0989lswwy25p"}],[{"_typeName":"Policy","id":"cjyd0wvfy02m207026e449aff","fieldName":"requiredPermissions"},{"_typeName":"Permission","id":"cjx5wxmg600kv0989lswwy25p"}],[{"_typeName":"Policy","id":"cjyd0wvfy02m207026e449aff","fieldName":"requiredPermissions"},{"_typeName":"Permission","id":"cjx5wxmi000kz0989p07jhqpl"}],[{"_typeName":"Policy","id":"cjyd0wvg202m607026va7u7jr","fieldName":"requiredPermissions"},{"_typeName":"Permission","id":"cjx5wxmi000kz0989p07jhqpl"}],[{"_typeName":"Policy","id":"cjyd0wvg702ma0702gq2ms66j","fieldName":"requiredPermissions"},{"_typeName":"Permission","id":"cjx5wxmi000kz0989p07jhqpl"}],[{"_typeName":"Policy","id":"cjyd0wvgb02me0702nzdao7ck","fieldName":"requiredPermissions"},{"_typeName":"Permission","id":"cjx5wxmi000kz0989p07jhqpl"}],[{"_typeName":"Policy","id":"cjyd0wvgf02mi0702oni00f8c","fieldName":"requiredPermissions"},{"_typeName":"Permission","id":"cjx5wxmi000kz0989p07jhqpl"}],[{"_typeName":"Policy","id":"cjyd0wvgm02mm0702a0arjxs1","fieldName":"requiredPermissions"},{"_typeName":"Permission","id":"cjx5wxmi000kz0989p07jhqpl"}],[{"_typeName":"Policy","id":"cjyd0wvg702ma0702gq2ms66j","fieldName":"requiredPermissions"},{"_typeName":"Permission","id":"cjx5wxml200lf09897ygxj0eu"}],[{"_typeName":"Policy","id":"cjyd0wvgm02mm0702a0arjxs1","fieldName":"requiredPermissions"},{"_typeName":"Permission","id":"cjx5wxml200lf09897ygxj0eu"}],[{"_typeName":"Policy","id":"cjyd0wvg202m607026va7u7jr","fieldName":"requiredPermissions"},{"_typeName":"Permission","id":"cjx5wxml200lf09897ygxj0eu"}],[{"_typeName":"Policy","id":"cjyd0wvgb02me0702nzdao7ck","fieldName":"requiredPermissions"},{"_typeName":"Permission","id":"cjx5wxml200lf09897ygxj0eu"}],[{"_typeName":"Policy","id":"cjyd0wvgf02mi0702oni00f8c","fieldName":"requiredPermissions"},{"_typeName":"Permission","id":"cjx5wxml200lf09897ygxj0eu"}],[{"_typeName":"Policy","id":"cjyd0wvgb02me0702nzdao7ck","fieldName":"requiredPermissions"},{"_typeName":"Permission","id":"cjx5wxmlt00lj0989j1w6hpx9"}],[{"_typeName":"Policy","id":"cjyd0wvgf02mi0702oni00f8c","fieldName":"requiredPermissions"},{"_typeName":"Permission","id":"cjx5wxmlt00lj0989j1w6hpx9"}],[{"_typeName":"Policy","id":"cjyd0wvgm02mm0702a0arjxs1","fieldName":"requiredPermissions"},{"_typeName":"Permission","id":"cjx5wxmlt00lj0989j1w6hpx9"}],[{"_typeName":"Policy","id":"cjyd0wvfy02m207026e449aff","fieldName":"requiredPermissions"},{"_typeName":"Permission","id":"cjx5wxmlt00lj0989j1w6hpx9"}],[{"_typeName":"Policy","id":"cjyd0wvg702ma0702gq2ms66j","fieldName":"requiredPermissions"},{"_typeName":"Permission","id":"cjx5wxmlt00lj0989j1w6hpx9"}],[{"_typeName":"Policy","id":"cjyd0wvf602le0702ig1a24fl","fieldName":"requiredPermissions"},{"_typeName":"Permission","id":"cjyd06pqi02et0702wuwdgkxa"}],[{"_typeName":"Policy","id":"cjyd0wvfu02ly0702au07mg7u","fieldName":"requiredPermissions"},{"_typeName":"Permission","id":"cjyd0o2sp02gs07029onk5hx8"}],[{"_typeName":"Policy","id":"cjyd0wvfu02ly0702au07mg7u","fieldName":"requiredPermissions"},{"_typeName":"Permission","id":"cjyd0o2sv02gw07026xuzdk86"}],[{"_typeName":"Policy","id":"cjyd0wvgf02mi0702oni00f8c","fieldName":"requiredPermissions"},{"_typeName":"Permission","id":"cjyd0o2sv02gw07026xuzdk86"}],[{"_typeName":"Policy","id":"cjyd0wvg202m607026va7u7jr","fieldName":"requiredPermissions"},{"_typeName":"Permission","id":"cjyd0o2sv02gw07026xuzdk86"}],[{"_typeName":"Policy","id":"cjyd0wvgf02mi0702oni00f8c","fieldName":"requiredPermissions"},{"_typeName":"Permission","id":"cjyd0o2t102h00702n9fa2slx"}],[{"_typeName":"Policy","id":"cjyd0wvg202m607026va7u7jr","fieldName":"requiredPermissions"},{"_typeName":"Permission","id":"cjyd0o2t102h00702n9fa2slx"}],[{"_typeName":"Policy","id":"cjyd0wvgu02mu0702i09a30m1","fieldName":"requiredPermissions"},{"_typeName":"Permission","id":"cjyd0oo7x02i207022014sg79"}],[{"_typeName":"Policy","id":"cjyd0wvh902n60702191eqye7","fieldName":"requiredPermissions"},{"_typeName":"Permission","id":"cjyd0oo7x02i207022014sg79"}],[{"_typeName":"Policy","id":"cjyd0wvh202n207027pzy9utv","fieldName":"requiredPermissions"},{"_typeName":"Permission","id":"cjyd0oo7x02i207022014sg79"}],[{"_typeName":"Policy","id":"cjyd0wvgz02my07026vo2vmc4","fieldName":"requiredPermissions"},{"_typeName":"Permission","id":"cjyd0oo7x02i207022014sg79"}],[{"_typeName":"Policy","id":"cjyd0wvgz02my07026vo2vmc4","fieldName":"requiredPermissions"},{"_typeName":"Permission","id":"cjyd0oo8b02ia0702ia5rsk48"}],[{"_typeName":"Policy","id":"cjyd0wvh902n60702191eqye7","fieldName":"requiredPermissions"},{"_typeName":"Permission","id":"cjyd0oo8b02ia0702ia5rsk48"}],[{"_typeName":"Policy","id":"cjyd0wvh202n207027pzy9utv","fieldName":"requiredPermissions"},{"_typeName":"Permission","id":"cjyd0oo8b02ia0702ia5rsk48"}],[{"_typeName":"Policy","id":"cjyd0wvfh02lm0702dq4vqliz","fieldName":"requiredPermissions"},{"_typeName":"Permission","id":"cjyd0qolz02ip0702tkt3aw7k"}],[{"_typeName":"Policy","id":"cjyd0wvfc02li0702u5v1vc7x","fieldName":"requiredPermissions"},{"_typeName":"Permission","id":"cjyd0qolz02ip0702tkt3aw7k"}],[{"_typeName":"Policy","id":"cjyd0wvfl02lq07023ts9wg9q","fieldName":"requiredPermissions"},{"_typeName":"Permission","id":"cjyd0qolz02ip0702tkt3aw7k"}],[{"_typeName":"Policy","id":"cjyd0wvh902n60702191eqye7","fieldName":"requiredPermissions"},{"_typeName":"Permission","id":"cjyd10esm02om0702gpt4ctl9"}],[{"_typeName":"Policy","id":"cjyd0wvgu02mu0702i09a30m1","fieldName":"requiredPermissions"},{"_typeName":"Permission","id":"cjyd10esm02om0702gpt4ctl9"}],[{"_typeName":"Policy","id":"cjyd0wvfl02lq07023ts9wg9q","fieldName":"requiredPermissions"},{"_typeName":"Permission","id":"cjyd10esm02om0702gpt4ctl9"}],[{"_typeName":"Policy","id":"cjyd0wvh202n207027pzy9utv","fieldName":"requiredPermissions"},{"_typeName":"Permission","id":"cjyd10esm02om0702gpt4ctl9"}],[{"_typeName":"Policy","id":"cjyd0wvgz02my07026vo2vmc4","fieldName":"requiredPermissions"},{"_typeName":"Permission","id":"cjyd10esm02om0702gpt4ctl9"}],[{"_typeName":"Trans_Brand","id":"cjxev5s1m001g09798xjyvsbs","fieldName":"brand"},{"_typeName":"Brand","id":"cjuse8deg01710914b43mxy0e","fieldName":"trans_brandName"}],[{"_typeName":"SecurityQuestion","id":"cjsfy31e502mp0704i38pasnk","fieldName":"securityAnswers"},{"_typeName":"SecurityAnswer","id":"cjyd24brn034q0702sg2ee3gy","fieldName":"securityQuestion"}],[{"_typeName":"SecurityQuestion","id":"cjsfy3dmz02n10704c6ifw2vr","fieldName":"securityAnswers"},{"_typeName":"SecurityAnswer","id":"cjyd24bru034r0702j6ndh4v9","fieldName":"securityQuestion"}],[{"_typeName":"SecurityQuestion","id":"cjsfy3ks502nb0704on8wiffq","fieldName":"securityAnswers"},{"_typeName":"SecurityAnswer","id":"cjyd24brx034s0702549ngpgh","fieldName":"securityQuestion"}],[{"_typeName":"Role","id":"cjyd1nr2e02xr07024y8ap8kt","fieldName":"permissions"},{"_typeName":"Permission","id":"cjuqslw8v01kq0806tryrk42q"}],[{"_typeName":"Role","id":"cjyd1nr2e02xr07024y8ap8kt","fieldName":"permissions"},{"_typeName":"Permission","id":"cjuqslztq01kx080683ucwp5w"}],[{"_typeName":"Role","id":"cjyd1hr1m02u00702qmsqrxsq","fieldName":"permissions"},{"_typeName":"Permission","id":"cjuqslztq01kx080683ucwp5w"}],[{"_typeName":"Role","id":"cjyd1nr2e02xr07024y8ap8kt","fieldName":"permissions"},{"_typeName":"Permission","id":"cjuqsm6ya01lb0806dv1zz1hr"}],[{"_typeName":"Role","id":"cjyd1nr2e02xr07024y8ap8kt","fieldName":"permissions"},{"_typeName":"Permission","id":"cjx5v6do900e909890uzsm3n2"}],[{"_typeName":"Role","id":"cjyd1hr1m02u00702qmsqrxsq","fieldName":"permissions"},{"_typeName":"Permission","id":"cjx5v6do900e909890uzsm3n2"}],[{"_typeName":"Role","id":"cjyd1hr1m02u00702qmsqrxsq","fieldName":"permissions"},{"_typeName":"Permission","id":"cjx5v7l0700ew0989tgymzcim"}],[{"_typeName":"Role","id":"cjyd1oh0b02yj07020ewrjfvx","fieldName":"permissions"},{"_typeName":"Permission","id":"cjx5vb1zy00fk0989ka62y1b4"}],[{"_typeName":"Role","id":"cjyd1i7nq02ua0702mjzivvl1","fieldName":"permissions"},{"_typeName":"Permission","id":"cjx5vb1zy00fk0989ka62y1b4"}],[{"_typeName":"Role","id":"cjyd1oh0b02yj07020ewrjfvx","fieldName":"permissions"},{"_typeName":"Permission","id":"cjx5vb20300fo0989vnvkoewu"}],[{"_typeName":"Role","id":"cjyd1oh0b02yj07020ewrjfvx","fieldName":"permissions"},{"_typeName":"Permission","id":"cjx5vb20700fs0989uovynboa"}],[{"_typeName":"Role","id":"cjyd1i7nq02ua0702mjzivvl1","fieldName":"permissions"},{"_typeName":"Permission","id":"cjx5vb20700fs0989uovynboa"}],[{"_typeName":"Role","id":"cjyd1oh0b02yj07020ewrjfvx","fieldName":"permissions"},{"_typeName":"Permission","id":"cjx5vb20d00fw0989qtnom3a1"}],[{"_typeName":"Role","id":"cjyd1oh0b02yj07020ewrjfvx","fieldName":"permissions"},{"_typeName":"Permission","id":"cjx5vb20i00g009896pcv85at"}],[{"_typeName":"Role","id":"cjyd1inum02uu0702z6huckea","fieldName":"permissions"},{"_typeName":"Permission","id":"cjx5vdbsr00gl0989cbn40cdl"}],[{"_typeName":"Role","id":"cjylfic1h004n0732eubbdi4x","fieldName":"permissions"},{"_typeName":"Permission","id":"cjx5vdbsx00gp0989ruaz0n1p"}],[{"_typeName":"Role","id":"cjyd1inum02uu0702z6huckea","fieldName":"permissions"},{"_typeName":"Permission","id":"cjx5vdbsx00gp0989ruaz0n1p"}],[{"_typeName":"Role","id":"cjyd1inum02uu0702z6huckea","fieldName":"permissions"},{"_typeName":"Permission","id":"cjx5vdbt200gt0989bkeoyeys"}],[{"_typeName":"Role","id":"cjylfic1h004n0732eubbdi4x","fieldName":"permissions"},{"_typeName":"Permission","id":"cjx5vdbt200gt0989bkeoyeys"}],[{"_typeName":"Role","id":"cjyd1inum02uu0702z6huckea","fieldName":"permissions"},{"_typeName":"Permission","id":"cjx5vdbt700gx09892ifyfcuf"}],[{"_typeName":"Role","id":"cjylfic1h004n0732eubbdi4x","fieldName":"permissions"},{"_typeName":"Permission","id":"cjx5vdbt700gx09892ifyfcuf"}],[{"_typeName":"Role","id":"cjylfic1h004n0732eubbdi4x","fieldName":"permissions"},{"_typeName":"Permission","id":"cjx5vdbtb00h10989ygazfgv2"}],[{"_typeName":"Role","id":"cjylfic1h004n0732eubbdi4x","fieldName":"permissions"},{"_typeName":"Permission","id":"cjx5vdbtj00h509896cw3u8uh"}],[{"_typeName":"Role","id":"cjyd1inum02uu0702z6huckea","fieldName":"permissions"},{"_typeName":"Permission","id":"cjx5vdbtj00h509896cw3u8uh"}],[{"_typeName":"Role","id":"cjyd1mtfz02x80702o28lv38k","fieldName":"permissions"},{"_typeName":"Permission","id":"cjx5wxmg600kv0989lswwy25p"}],[{"_typeName":"Role","id":"cjyd1mtfz02x80702o28lv38k","fieldName":"permissions"},{"_typeName":"Permission","id":"cjx5wxmi000kz0989p07jhqpl"}],[{"_typeName":"Role","id":"cjyd1mtfz02x80702o28lv38k","fieldName":"permissions"},{"_typeName":"Permission","id":"cjx5wxmif00l30989p4xuimj6"}],[{"_typeName":"Role","id":"cjyd1mtfz02x80702o28lv38k","fieldName":"permissions"},{"_typeName":"Permission","id":"cjx5wxmik00l70989sfp71ddz"}],[{"_typeName":"Role","id":"cjyd1mtfz02x80702o28lv38k","fieldName":"permissions"},{"_typeName":"Permission","id":"cjx5wxmj000lb0989n0hucuu1"}],[{"_typeName":"Role","id":"cjyd1mtfz02x80702o28lv38k","fieldName":"permissions"},{"_typeName":"Permission","id":"cjx5wxml200lf09897ygxj0eu"}],[{"_typeName":"Role","id":"cjyd1mtfz02x80702o28lv38k","fieldName":"permissions"},{"_typeName":"Permission","id":"cjx5wxmlt00lj0989j1w6hpx9"}],[{"_typeName":"Role","id":"cjyd1mtfz02x80702o28lv38k","fieldName":"permissions"},{"_typeName":"Permission","id":"cjx5wxmmk00ln09893bq8t3lj"}],[{"_typeName":"Role","id":"cjyd1mtfz02x80702o28lv38k","fieldName":"permissions"},{"_typeName":"Permission","id":"cjx5wxmmy00lr0989fm2u5hyw"}],[{"_typeName":"Role","id":"cjyd1mtfz02x80702o28lv38k","fieldName":"permissions"},{"_typeName":"Permission","id":"cjx5wxmnm00lz0989atvi9i78"}],[{"_typeName":"Role","id":"cjyd1hr1m02u00702qmsqrxsq","fieldName":"permissions"},{"_typeName":"Permission","id":"cjyd06pqi02et0702wuwdgkxa"}],[{"_typeName":"Role","id":"cjyd1p6i102z207025k48ocr7","fieldName":"permissions"},{"_typeName":"Permission","id":"cjyd0o2sj02go0702r0wc3pb4"}],[{"_typeName":"Role","id":"cjyd1ihj802uk0702wbm0ldq3","fieldName":"permissions"},{"_typeName":"Permission","id":"cjyd0o2sj02go0702r0wc3pb4"}],[{"_typeName":"Role","id":"cjyd1p6i102z207025k48ocr7","fieldName":"permissions"},{"_typeName":"Permission","id":"cjyd0o2sp02gs07029onk5hx8"}],[{"_typeName":"Role","id":"cjyd1p6i102z207025k48ocr7","fieldName":"permissions"},{"_typeName":"Permission","id":"cjyd0o2sv02gw07026xuzdk86"}],[{"_typeName":"Role","id":"cjyd1ihj802uk0702wbm0ldq3","fieldName":"permissions"},{"_typeName":"Permission","id":"cjyd0o2sv02gw07026xuzdk86"}],[{"_typeName":"Role","id":"cjyd1p6i102z207025k48ocr7","fieldName":"permissions"},{"_typeName":"Permission","id":"cjyd0o2t102h00702n9fa2slx"}],[{"_typeName":"Role","id":"cjyd1i7nq02ua0702mjzivvl1","fieldName":"permissions"},{"_typeName":"Permission","id":"cjyd0oo7x02i207022014sg79"}],[{"_typeName":"Role","id":"cjyd1ihj802uk0702wbm0ldq3","fieldName":"permissions"},{"_typeName":"Permission","id":"cjyd0oo8702i60702j6xyj9k6"}],[{"_typeName":"Role","id":"cjyd1inum02uu0702z6huckea","fieldName":"permissions"},{"_typeName":"Permission","id":"cjyd0oo8b02ia0702ia5rsk48"}],[{"_typeName":"Role","id":"cjyd1iz9q02ve07029ikubb77","fieldName":"permissions"},{"_typeName":"Permission","id":"cjyd0qolz02ip0702tkt3aw7k"}],[{"_typeName":"Role","id":"cjyd1inum02uu0702z6huckea","fieldName":"permissions"},{"_typeName":"Permission","id":"cjyd10esm02om0702gpt4ctl9"}],[{"_typeName":"Role","id":"cjyd1ihj802uk0702wbm0ldq3","fieldName":"permissions"},{"_typeName":"Permission","id":"cjyd10esm02om0702gpt4ctl9"}],[{"_typeName":"Role","id":"cjyd1i7nq02ua0702mjzivvl1","fieldName":"permissions"},{"_typeName":"Permission","id":"cjyd10esm02om0702gpt4ctl9"}],[{"_typeName":"Role","id":"cjyd1p6i102z207025k48ocr7","fieldName":"permissions"},{"_typeName":"Permission","id":"cjyd1q32o02ze0702q5c9dliq"}],[{"_typeName":"Catalog","id":"cjxedf2cv004l08795livpuui"},{"_typeName":"Catalog","id":"cjxedek8l00400879hu7m2ikq","fieldName":"children"}],[{"_typeName":"Catalog","id":"cjxedf2co004h08795vuv7qwz"},{"_typeName":"Catalog","id":"cjxedek8l00400879hu7m2ikq","fieldName":"children"}],[{"_typeName":"Catalog","id":"cjxedf2ch004d0879gybqt1r9"},{"_typeName":"Catalog","id":"cjxedek8l00400879hu7m2ikq","fieldName":"children"}],[{"_typeName":"Catalog","id":"cjxedj66m006o0879mv0rntrf"},{"_typeName":"Catalog","id":"cjxedf2ch004d0879gybqt1r9","fieldName":"children"}],[{"_typeName":"Catalog","id":"cjxedj66s006s0879nn2aso5t"},{"_typeName":"Catalog","id":"cjxedf2ch004d0879gybqt1r9","fieldName":"children"}],[{"_typeName":"Catalog","id":"cjxedj66y006w0879rxivn65j"},{"_typeName":"Catalog","id":"cjxedf2ch004d0879gybqt1r9","fieldName":"children"}],[{"_typeName":"Catalog","id":"cjxedj67300700879tw1p8psq"},{"_typeName":"Catalog","id":"cjxedf2ch004d0879gybqt1r9","fieldName":"children"}],[{"_typeName":"Catalog","id":"cjxedj67900740879yn68rfvd"},{"_typeName":"Catalog","id":"cjxedf2ch004d0879gybqt1r9","fieldName":"children"}],[{"_typeName":"Catalog","id":"cjxedj67e00780879qpz9rvc7"},{"_typeName":"Catalog","id":"cjxedf2ch004d0879gybqt1r9","fieldName":"children"}],[{"_typeName":"Catalog","id":"cjxedj67k007c0879hp8x767t"},{"_typeName":"Catalog","id":"cjxedf2ch004d0879gybqt1r9","fieldName":"children"}],[{"_typeName":"Catalog","id":"cjxedj67p007g08795kqcg4vf"},{"_typeName":"Catalog","id":"cjxedf2ch004d0879gybqt1r9","fieldName":"children"}],[{"_typeName":"Catalog","id":"cjxedj67u007k0879bd2si0ua"},{"_typeName":"Catalog","id":"cjxedf2ch004d0879gybqt1r9","fieldName":"children"}],[{"_typeName":"Catalog","id":"cjxedj681007o08797gyrxg7j"},{"_typeName":"Catalog","id":"cjxedf2ch004d0879gybqt1r9","fieldName":"children"}],[{"_typeName":"Catalog","id":"cjxedj686007s0879tc1a4ems"},{"_typeName":"Catalog","id":"cjxedf2ch004d0879gybqt1r9","fieldName":"children"}],[{"_typeName":"Catalog","id":"cjxedj68c007w0879eu5n7l1y"},{"_typeName":"Catalog","id":"cjxedf2ch004d0879gybqt1r9","fieldName":"children"}],[{"_typeName":"Catalog","id":"cjxedj68i0080087951lmg568"},{"_typeName":"Catalog","id":"cjxedf2ch004d0879gybqt1r9","fieldName":"children"}],[{"_typeName":"Catalog","id":"cjxedj68n00840879gqou21qr"},{"_typeName":"Catalog","id":"cjxedf2ch004d0879gybqt1r9","fieldName":"children"}],[{"_typeName":"Catalog","id":"cjxedj68w00880879mbh3s4r2"},{"_typeName":"Catalog","id":"cjxedf2ch004d0879gybqt1r9","fieldName":"children"}],[{"_typeName":"Catalog","id":"cjxedj692008c0879di0ao0jh"},{"_typeName":"Catalog","id":"cjxedf2ch004d0879gybqt1r9","fieldName":"children"}],[{"_typeName":"Catalog","id":"cjxedfu0z00500879fy6u62ka"},{"_typeName":"Catalog","id":"cjxedf2ch004d0879gybqt1r9","fieldName":"children"}],[{"_typeName":"Catalog","id":"cjxedg101005a0879hmp0c5e9"},{"_typeName":"Catalog","id":"cjxedf2ch004d0879gybqt1r9","fieldName":"children"}],[{"_typeName":"Catalog","id":"cjxedg7hx005k0879clrvhubu"},{"_typeName":"Catalog","id":"cjxedf2ch004d0879gybqt1r9","fieldName":"children"}],[{"_typeName":"Catalog","id":"cjxedqaus00cv0879jt3nkgdp"},{"_typeName":"Catalog","id":"cjxedf2co004h08795vuv7qwz","fieldName":"children"}],[{"_typeName":"Catalog","id":"cjxedqav000cz0879k95xojhb"},{"_typeName":"Catalog","id":"cjxedf2co004h08795vuv7qwz","fieldName":"children"}],[{"_typeName":"Catalog","id":"cjxedqav400d30879f31o63q0"},{"_typeName":"Catalog","id":"cjxedf2co004h08795vuv7qwz","fieldName":"children"}],[{"_typeName":"Catalog","id":"cjxedqav900d70879jpr8bp0q"},{"_typeName":"Catalog","id":"cjxedf2co004h08795vuv7qwz","fieldName":"children"}],[{"_typeName":"Catalog","id":"cjxedqave00db0879cr97aw84"},{"_typeName":"Catalog","id":"cjxedf2co004h08795vuv7qwz","fieldName":"children"}],[{"_typeName":"Catalog","id":"cjxedqavj00df087942p4m8bf"},{"_typeName":"Catalog","id":"cjxedf2co004h08795vuv7qwz","fieldName":"children"}],[{"_typeName":"Catalog","id":"cjxedqaun00cr0879r20gplfg"},{"_typeName":"Catalog","id":"cjxedf2co004h08795vuv7qwz","fieldName":"children"}],[{"_typeName":"Catalog","id":"cjxedqaug00cn0879kwbnclnu"},{"_typeName":"Catalog","id":"cjxedf2co004h08795vuv7qwz","fieldName":"children"}],[{"_typeName":"Catalog","id":"cjxedp3ih00c00879wqf9bz2d"},{"_typeName":"Catalog","id":"cjxedf2co004h08795vuv7qwz","fieldName":"children"}],[{"_typeName":"Catalog","id":"cjxedukdi00fv0879cfghacc5"},{"_typeName":"Catalog","id":"cjxedf2cv004l08795livpuui","fieldName":"children"}],[{"_typeName":"Catalog","id":"cjxedukdo00fz0879xhafftqo"},{"_typeName":"Catalog","id":"cjxedf2cv004l08795livpuui","fieldName":"children"}],[{"_typeName":"Catalog","id":"cjxedukds00g30879akb0ozfx"},{"_typeName":"Catalog","id":"cjxedf2cv004l08795livpuui","fieldName":"children"}],[{"_typeName":"Catalog","id":"cjxedek8l00400879hu7m2ikq"},{"_typeName":"Catalog","id":"cjxedf2ch004d0879gybqt1r9","fieldName":"parentId"}],[{"_typeName":"Catalog","id":"cjxedek8l00400879hu7m2ikq"},{"_typeName":"Catalog","id":"cjxedf2co004h08795vuv7qwz","fieldName":"parentId"}],[{"_typeName":"Catalog","id":"cjxedek8l00400879hu7m2ikq"},{"_typeName":"Catalog","id":"cjxedf2cv004l08795livpuui","fieldName":"parentId"}],[{"_typeName":"Catalog","id":"cjxedf2ch004d0879gybqt1r9"},{"_typeName":"Catalog","id":"cjxedfu0z00500879fy6u62ka","fieldName":"parentId"}],[{"_typeName":"Catalog","id":"cjxedf2ch004d0879gybqt1r9"},{"_typeName":"Catalog","id":"cjxedg101005a0879hmp0c5e9","fieldName":"parentId"}],[{"_typeName":"Catalog","id":"cjxedf2ch004d0879gybqt1r9"},{"_typeName":"Catalog","id":"cjxedg7hx005k0879clrvhubu","fieldName":"parentId"}],[{"_typeName":"Catalog","id":"cjxedf2ch004d0879gybqt1r9"},{"_typeName":"Catalog","id":"cjxedj66m006o0879mv0rntrf","fieldName":"parentId"}],[{"_typeName":"Catalog","id":"cjxedf2ch004d0879gybqt1r9"},{"_typeName":"Catalog","id":"cjxedj66s006s0879nn2aso5t","fieldName":"parentId"}],[{"_typeName":"Catalog","id":"cjxedf2ch004d0879gybqt1r9"},{"_typeName":"Catalog","id":"cjxedj66y006w0879rxivn65j","fieldName":"parentId"}],[{"_typeName":"Catalog","id":"cjxedf2ch004d0879gybqt1r9"},{"_typeName":"Catalog","id":"cjxedj67300700879tw1p8psq","fieldName":"parentId"}],[{"_typeName":"Catalog","id":"cjxedf2ch004d0879gybqt1r9"},{"_typeName":"Catalog","id":"cjxedj67900740879yn68rfvd","fieldName":"parentId"}],[{"_typeName":"Catalog","id":"cjxedf2ch004d0879gybqt1r9"},{"_typeName":"Catalog","id":"cjxedj67e00780879qpz9rvc7","fieldName":"parentId"}],[{"_typeName":"Catalog","id":"cjxedf2ch004d0879gybqt1r9"},{"_typeName":"Catalog","id":"cjxedj67k007c0879hp8x767t","fieldName":"parentId"}],[{"_typeName":"Catalog","id":"cjxedf2ch004d0879gybqt1r9"},{"_typeName":"Catalog","id":"cjxedj67p007g08795kqcg4vf","fieldName":"parentId"}],[{"_typeName":"Catalog","id":"cjxedf2ch004d0879gybqt1r9"},{"_typeName":"Catalog","id":"cjxedj67u007k0879bd2si0ua","fieldName":"parentId"}],[{"_typeName":"Catalog","id":"cjxedf2ch004d0879gybqt1r9"},{"_typeName":"Catalog","id":"cjxedj681007o08797gyrxg7j","fieldName":"parentId"}],[{"_typeName":"Catalog","id":"cjxedf2ch004d0879gybqt1r9"},{"_typeName":"Catalog","id":"cjxedj686007s0879tc1a4ems","fieldName":"parentId"}],[{"_typeName":"Catalog","id":"cjxedf2ch004d0879gybqt1r9"},{"_typeName":"Catalog","id":"cjxedj68c007w0879eu5n7l1y","fieldName":"parentId"}],[{"_typeName":"Catalog","id":"cjxedf2ch004d0879gybqt1r9"},{"_typeName":"Catalog","id":"cjxedj68i0080087951lmg568","fieldName":"parentId"}],[{"_typeName":"Catalog","id":"cjxedf2ch004d0879gybqt1r9"},{"_typeName":"Catalog","id":"cjxedj68n00840879gqou21qr","fieldName":"parentId"}],[{"_typeName":"Catalog","id":"cjxedf2ch004d0879gybqt1r9"},{"_typeName":"Catalog","id":"cjxedj68w00880879mbh3s4r2","fieldName":"parentId"}],[{"_typeName":"Catalog","id":"cjxedf2ch004d0879gybqt1r9"},{"_typeName":"Catalog","id":"cjxedj692008c0879di0ao0jh","fieldName":"parentId"}],[{"_typeName":"Catalog","id":"cjxedf2co004h08795vuv7qwz"},{"_typeName":"Catalog","id":"cjxedp3ih00c00879wqf9bz2d","fieldName":"parentId"}],[{"_typeName":"Catalog","id":"cjxedf2co004h08795vuv7qwz"},{"_typeName":"Catalog","id":"cjxedqaug00cn0879kwbnclnu","fieldName":"parentId"}],[{"_typeName":"Catalog","id":"cjxedf2co004h08795vuv7qwz"},{"_typeName":"Catalog","id":"cjxedqaun00cr0879r20gplfg","fieldName":"parentId"}],[{"_typeName":"Catalog","id":"cjxedf2co004h08795vuv7qwz"},{"_typeName":"Catalog","id":"cjxedqaus00cv0879jt3nkgdp","fieldName":"parentId"}],[{"_typeName":"Catalog","id":"cjxedf2co004h08795vuv7qwz"},{"_typeName":"Catalog","id":"cjxedqav000cz0879k95xojhb","fieldName":"parentId"}],[{"_typeName":"Catalog","id":"cjxedf2co004h08795vuv7qwz"},{"_typeName":"Catalog","id":"cjxedqav400d30879f31o63q0","fieldName":"parentId"}],[{"_typeName":"Catalog","id":"cjxedf2co004h08795vuv7qwz"},{"_typeName":"Catalog","id":"cjxedqav900d70879jpr8bp0q","fieldName":"parentId"}],[{"_typeName":"Catalog","id":"cjxedf2co004h08795vuv7qwz"},{"_typeName":"Catalog","id":"cjxedqave00db0879cr97aw84","fieldName":"parentId"}],[{"_typeName":"Catalog","id":"cjxedf2co004h08795vuv7qwz"},{"_typeName":"Catalog","id":"cjxedqavj00df087942p4m8bf","fieldName":"parentId"}],[{"_typeName":"Catalog","id":"cjxedf2cv004l08795livpuui"},{"_typeName":"Catalog","id":"cjxedukdi00fv0879cfghacc5","fieldName":"parentId"}],[{"_typeName":"Catalog","id":"cjxedf2cv004l08795livpuui"},{"_typeName":"Catalog","id":"cjxedukdo00fz0879xhafftqo","fieldName":"parentId"}],[{"_typeName":"Catalog","id":"cjxedf2cv004l08795livpuui"},{"_typeName":"Catalog","id":"cjxedukds00g30879akb0ozfx","fieldName":"parentId"}],[{"_typeName":"Trans_Brand","id":"cjxev5s1m001g09798xjyvsbs","fieldName":"language"},{"_typeName":"Language","id":"cjxedbe2t002q08797urgrjcl","fieldName":"trans_brand"}],[{"_typeName":"User","id":"cjyd24brm034p0702c6c5egzk","fieldName":"assignment"},{"_typeName":"Assignment","id":"cjyd24bs0034t0702wa4x4gag","fieldName":"user"}],[{"_typeName":"User","id":"cjyd266b9035r07023cnlgq0y","fieldName":"assignment"},{"_typeName":"Assignment","id":"cjyd266bb035s07029bun6azn","fieldName":"user"}],[{"_typeName":"User","id":"cjyd28454036h0702vkx2j7a7","fieldName":"assignment"},{"_typeName":"Assignment","id":"cjyd28457036i0702bnyksbpr","fieldName":"user"}],[{"_typeName":"User","id":"cjyd2bqqz03850702cithoke0","fieldName":"assignment"},{"_typeName":"Assignment","id":"cjyd2bqr203860702kvkt9wd6","fieldName":"user"}],[{"_typeName":"Trans_Catalog","id":"cjxedzz0200il0879bcs0aj13","fieldName":"catalog"},{"_typeName":"Catalog","id":"cjxedf2ch004d0879gybqt1r9","fieldName":"trans_name"}],[{"_typeName":"Trans_Catalog","id":"cjxee3s9y00mk0879k3khm1ps","fieldName":"catalog"},{"_typeName":"Catalog","id":"cjxedf2ch004d0879gybqt1r9","fieldName":"trans_name"}],[{"_typeName":"Trans_Catalog","id":"cjxedzz0x00ir0879w8qwdm06","fieldName":"catalog"},{"_typeName":"Catalog","id":"cjxedf2co004h08795vuv7qwz","fieldName":"trans_name"}],[{"_typeName":"Trans_Catalog","id":"cjxee599800n10879mbknhctf","fieldName":"catalog"},{"_typeName":"Catalog","id":"cjxedf2co004h08795vuv7qwz","fieldName":"trans_name"}],[{"_typeName":"Trans_Catalog","id":"cjxedzz1m00ix0879wt8w3kye","fieldName":"catalog"},{"_typeName":"Catalog","id":"cjxedf2cv004l08795livpuui","fieldName":"trans_name"}],[{"_typeName":"Trans_Catalog","id":"cjxee599k00n70879ida2wmj7","fieldName":"catalog"},{"_typeName":"Catalog","id":"cjxedf2cv004l08795livpuui","fieldName":"trans_name"}],[{"_typeName":"Trans_Catalog","id":"cjxee599v00nd087956lqu5kd","fieldName":"catalog"},{"_typeName":"Catalog","id":"cjxedfu0z00500879fy6u62ka","fieldName":"trans_name"}],[{"_typeName":"Trans_Catalog","id":"cjxedzz2100j30879mssl0yx6","fieldName":"catalog"},{"_typeName":"Catalog","id":"cjxedfu0z00500879fy6u62ka","fieldName":"trans_name"}],[{"_typeName":"Trans_Catalog","id":"cjxedzz2m00j90879mjflwt35","fieldName":"catalog"},{"_typeName":"Catalog","id":"cjxedg101005a0879hmp0c5e9","fieldName":"trans_name"}],[{"_typeName":"Trans_Catalog","id":"cjxee59a700nj0879vyw470k5","fieldName":"catalog"},{"_typeName":"Catalog","id":"cjxedg101005a0879hmp0c5e9","fieldName":"trans_name"}],[{"_typeName":"ProductAttributeValue","id":"cjv307d3q05mc0815l9c4ojzz","fieldName":"attribute"},{"_typeName":"ProductAttribute","id":"cjv307d3k05mb0815yu7yb3uw","fieldName":"values"}],[{"_typeName":"ProductAttributeValue","id":"cjv307d3z05md0815z2y0yf98","fieldName":"attribute"},{"_typeName":"ProductAttribute","id":"cjv307d3k05mb0815yu7yb3uw","fieldName":"values"}],[{"_typeName":"ProductAttributeValue","id":"cjv307d4105me0815h6v1meyq","fieldName":"attribute"},{"_typeName":"ProductAttribute","id":"cjv307d3k05mb0815yu7yb3uw","fieldName":"values"}],[{"_typeName":"ProductAttributeValue","id":"cjv307d4405mf0815hwz6r4lr","fieldName":"attribute"},{"_typeName":"ProductAttribute","id":"cjv307d3k05mb0815yu7yb3uw","fieldName":"values"}],[{"_typeName":"ProductAttributeValue","id":"cjv307tt505n2081554f1uwpb","fieldName":"attribute"},{"_typeName":"ProductAttribute","id":"cjv307tsz05n10815ce4h820h","fieldName":"values"}],[{"_typeName":"ProductAttributeValue","id":"cjv307tt805n30815lbgk3efj","fieldName":"attribute"},{"_typeName":"ProductAttribute","id":"cjv307tsz05n10815ce4h820h","fieldName":"values"}],[{"_typeName":"ProductAttributeValue","id":"cjv307tta05n40815zs9dm48a","fieldName":"attribute"},{"_typeName":"ProductAttribute","id":"cjv307tsz05n10815ce4h820h","fieldName":"values"}],[{"_typeName":"ProductAttributeValue","id":"cjv307ttg05n50815wkmkdtwj","fieldName":"attribute"},{"_typeName":"ProductAttribute","id":"cjv307tsz05n10815ce4h820h","fieldName":"values"}],[{"_typeName":"ProductAttributeValue","id":"cjv30884q05nr0815xc3sf2mp","fieldName":"attribute"},{"_typeName":"ProductAttribute","id":"cjv30884n05nq08156a558fz9","fieldName":"values"}],[{"_typeName":"ProductAttributeValue","id":"cjv30884t05ns0815p7odwa4y","fieldName":"attribute"},{"_typeName":"ProductAttribute","id":"cjv30884n05nq08156a558fz9","fieldName":"values"}],[{"_typeName":"ProductAttributeValue","id":"cjv30884w05nt0815dsbkj3nl","fieldName":"attribute"},{"_typeName":"ProductAttribute","id":"cjv30884n05nq08156a558fz9","fieldName":"values"}],[{"_typeName":"ProductAttributeValue","id":"cjv30884z05nu08159jpanq8x","fieldName":"attribute"},{"_typeName":"ProductAttribute","id":"cjv30884n05nq08156a558fz9","fieldName":"values"}],[{"_typeName":"Role","id":"cjyd1hr1m02u00702qmsqrxsq"},{"_typeName":"Assignment","id":"cjyd24bs0034t0702wa4x4gag","fieldName":"roles"}],[{"_typeName":"Role","id":"cjyd1i7nq02ua0702mjzivvl1"},{"_typeName":"Assignment","id":"cjyd24bs0034t0702wa4x4gag","fieldName":"roles"}],[{"_typeName":"Role","id":"cjyd1ihj802uk0702wbm0ldq3"},{"_typeName":"Assignment","id":"cjyd24bs0034t0702wa4x4gag","fieldName":"roles"}],[{"_typeName":"Role","id":"cjyd1inum02uu0702z6huckea"},{"_typeName":"Assignment","id":"cjyd24bs0034t0702wa4x4gag","fieldName":"roles"}],[{"_typeName":"Role","id":"cjyd1iz9q02ve07029ikubb77"},{"_typeName":"Assignment","id":"cjyd24bs0034t0702wa4x4gag","fieldName":"roles"}],[{"_typeName":"Role","id":"cjyd1mtfz02x80702o28lv38k"},{"_typeName":"Assignment","id":"cjyd24bs0034t0702wa4x4gag","fieldName":"roles"}],[{"_typeName":"Role","id":"cjyd1nr2e02xr07024y8ap8kt"},{"_typeName":"Assignment","id":"cjyd24bs0034t0702wa4x4gag","fieldName":"roles"}],[{"_typeName":"Role","id":"cjyd1oh0b02yj07020ewrjfvx"},{"_typeName":"Assignment","id":"cjyd24bs0034t0702wa4x4gag","fieldName":"roles"}],[{"_typeName":"Role","id":"cjyd1p6i102z207025k48ocr7"},{"_typeName":"Assignment","id":"cjyd24bs0034t0702wa4x4gag","fieldName":"roles"}],[{"_typeName":"Role","id":"cjylfic1h004n0732eubbdi4x"},{"_typeName":"Assignment","id":"cjyd266bb035s07029bun6azn","fieldName":"roles"}],[{"_typeName":"Role","id":"cjyd1hr1m02u00702qmsqrxsq"},{"_typeName":"Assignment","id":"cjyd266bb035s07029bun6azn","fieldName":"roles"}],[{"_typeName":"Role","id":"cjyd1iz9q02ve07029ikubb77"},{"_typeName":"Assignment","id":"cjyd266bb035s07029bun6azn","fieldName":"roles"}],[{"_typeName":"Role","id":"cjyd1mtfz02x80702o28lv38k"},{"_typeName":"Assignment","id":"cjyd266bb035s07029bun6azn","fieldName":"roles"}],[{"_typeName":"Role","id":"cjyd1nr2e02xr07024y8ap8kt"},{"_typeName":"Assignment","id":"cjyd266bb035s07029bun6azn","fieldName":"roles"}],[{"_typeName":"Role","id":"cjyd1oh0b02yj07020ewrjfvx"},{"_typeName":"Assignment","id":"cjyd266bb035s07029bun6azn","fieldName":"roles"}],[{"_typeName":"Role","id":"cjyd1p6i102z207025k48ocr7"},{"_typeName":"Assignment","id":"cjyd266bb035s07029bun6azn","fieldName":"roles"}],[{"_typeName":"Role","id":"cjyd1i7nq02ua0702mjzivvl1"},{"_typeName":"Assignment","id":"cjyd28457036i0702bnyksbpr","fieldName":"roles"}],[{"_typeName":"Role","id":"cjyd1iz9q02ve07029ikubb77"},{"_typeName":"Assignment","id":"cjyd28457036i0702bnyksbpr","fieldName":"roles"}],[{"_typeName":"Role","id":"cjyd1inum02uu0702z6huckea"},{"_typeName":"Assignment","id":"cjyd28457036i0702bnyksbpr","fieldName":"roles"}],[{"_typeName":"Role","id":"cjyd1hr1m02u00702qmsqrxsq"},{"_typeName":"Assignment","id":"cjyd28457036i0702bnyksbpr","fieldName":"roles"}],[{"_typeName":"Role","id":"cjyd1hr1m02u00702qmsqrxsq"},{"_typeName":"Assignment","id":"cjyd2bqr203860702kvkt9wd6","fieldName":"roles"}],[{"_typeName":"Role","id":"cjyd1iz9q02ve07029ikubb77"},{"_typeName":"Assignment","id":"cjyd2bqr203860702kvkt9wd6","fieldName":"roles"}]]}