{
  "valueType": "nodes",
  "values": [
    {
      "_typeName": "SecurityQuestion",
      "id": "cjsfy31e502mp0704i38pasnk",
      "question": "What school did you attend for 6th grade?",
      "updatedAt": "2019-02-22T11:01:04.589Z",
      "_version": 1,
      "createdAt": "2019-02-22T11:01:04.589Z"
    },
    {
      "_typeName": "SecurityQuestion",
      "id": "cjsfy3dmz02n10704c6ifw2vr",
      "question": "What country have you always dreamt of vacationing in?",
      "updatedAt": "2019-02-22T11:01:20.458Z",
      "_version": 1,
      "createdAt": "2019-02-22T11:01:20.458Z"
    },
    {
      "_typeName": "SecurityQuestion",
      "id": "cjsfy3ks502nb0704on8wiffq",
      "question": "What was the last name of your favorite elementary school teacher?",
      "updatedAt": "2019-02-22T11:01:29.717Z",
      "_version": 1,
      "createdAt": "2019-02-22T11:01:29.717Z"
    },
    {
      "_typeName": "SecurityQuestion",
      "id": "cjsfy3r7u02nk0704ykn33y42",
      "question": "What was the first album/CD you purchased?",
      "updatedAt": "2019-02-22T11:01:38.058Z",
      "_version": 1,
      "createdAt": "2019-02-22T11:01:38.058Z"
    },
    {
      "_typeName": "SecurityQuestion",
      "id": "cjsfy3xia02nt070471z4b9mr",
      "question": "In what city did you meet your spouse/significant other?",
      "updatedAt": "2019-02-22T11:01:46.210Z",
      "_version": 1,
      "createdAt": "2019-02-22T11:01:46.210Z"
    },
    {
      "_typeName": "SecurityQuestion",
      "id": "cjsfy45c702o30704lsb8mkar",
      "question": "What is the name of your favorite childhood friend?",
      "updatedAt": "2019-02-22T11:01:56.358Z",
      "_version": 1,
      "createdAt": "2019-02-22T11:01:56.358Z"
    },
    {
      "_typeName": "SecurityQuestion",
      "id": "cjsfy4a1n02ob070442vqhtll",
      "question": "Who was your favorite singer/band in high school?",
      "updatedAt": "2019-02-22T11:02:02.458Z",
      "_version": 1,
      "createdAt": "2019-02-22T11:02:02.458Z"
    },
    {
      "_typeName": "SecurityQuestion",
      "id": "cjsfy4eur02oj0704mxpzb1l8",
      "question": "What is the first movie you saw in in thearters?",
      "updatedAt": "2019-02-22T11:02:08.691Z",
      "_version": 1,
      "createdAt": "2019-02-22T11:02:08.691Z"
    },
    {
      "_typeName": "SecurityQuestion",
      "id": "cjsfy4j8202oq0704j9msbtgl",
      "question": "What is your favorite candy/dessert?",
      "updatedAt": "2019-02-22T11:02:14.354Z",
      "_version": 1,
      "createdAt": "2019-02-22T11:02:14.354Z"
    },
    {
      "_typeName": "SecurityQuestion",
      "id": "cjsfy4om302oz0704rpbkz3ha",
      "question": "What is your favorite pastime?",
      "updatedAt": "2019-02-22T11:02:21.339Z",
      "_version": 1,
      "createdAt": "2019-02-22T11:02:21.339Z"
    },
    {
      "_typeName": "SecurityQuestion",
      "id": "cjsfy4tck02p70704to9w5nwr",
      "question": "What is your favorite sport?",
      "updatedAt": "2019-02-22T11:02:27.475Z",
      "_version": 1,
      "createdAt": "2019-02-22T11:02:27.475Z"
    },
    {
      "_typeName": "SecurityQuestion",
      "id": "cjsfy51xy02ph0704g2cxlw8t",
      "question": "What are last 5 digits of your social securiy number?",
      "updatedAt": "2019-02-22T11:02:38.613Z",
      "_version": 1,
      "createdAt": "2019-02-22T11:02:38.613Z"
    },
    {
      "_typeName": "SecurityQuestion",
      "id": "cjsfy56hd02pp0704ffywixpo",
      "question": "Where is your favorite vacation spot?",
      "updatedAt": "2019-02-22T11:02:44.496Z",
      "_version": 1,
      "createdAt": "2019-02-22T11:02:44.496Z"
    },
    {
      "_typeName": "SecurityQuestion",
      "id": "cjsfy5c9j02py0704o8rdxsau",
      "question": "To what city did you go the first time you flew on an airplane?",
      "updatedAt": "2019-02-22T11:02:51.991Z",
      "_version": 1,
      "createdAt": "2019-02-22T11:02:51.991Z"
    },
    {
      "_typeName": "SecurityQuestion",
      "id": "cjsfy5her02q607043bu57tir",
      "question": "What was the first concert you attended?",
      "updatedAt": "2019-02-22T11:02:58.659Z",
      "_version": 1,
      "createdAt": "2019-02-22T11:02:58.659Z"
    },
    {
      "_typeName": "SecurityQuestion",
      "id": "cjsfy5lts02qe07048qo6i2lg",
      "question": "What is your favorite food?",
      "updatedAt": "2019-02-22T11:03:04.384Z",
      "_version": 1,
      "createdAt": "2019-02-22T11:03:04.384Z"
    },
    {
      "_typeName": "SecurityQuestion",
      "id": "cjsfy5q6502ql07048duvkr04",
      "question": "Who was your childhood hero?",
      "updatedAt": "2019-02-22T11:03:10.013Z",
      "_version": 1,
      "createdAt": "2019-02-22T11:03:10.013Z"
    },
    {
      "_typeName": "SecurityQuestion",
      "id": "cjsfy5v9102qu0704i3uexf37",
      "question": "What is your favorite movie character?",
      "updatedAt": "2019-02-22T11:03:16.597Z",
      "_version": 1,
      "createdAt": "2019-02-22T11:03:16.597Z"
    },
    {
      "_typeName": "SecurityAnswer",
      "id": "cjx8wmgyh00c90a899k2ilg9w",
      "updatedAt": "2019-06-23T12:04:59.769Z",
      "_version": 1,
      "createdAt": "2019-06-23T12:04:20.436Z",
      "answer": "Westlife"
    },
    {
      "_typeName": "SecurityAnswer",
      "id": "cjx8wmqec00cn0a89du7chlbb",
      "updatedAt": "2019-06-23T12:05:36.584Z",
      "_version": 1,
      "createdAt": "2019-06-23T12:04:32.672Z",
      "answer": "Three musketeers"
    },
    {
      "_typeName": "SecurityAnswer",
      "id": "cjx8wmwa400d10a89rphmp2t3",
      "updatedAt": "2019-06-23T12:06:09.331Z",
      "_version": 1,
      "createdAt": "2019-06-23T12:04:40.297Z",
      "answer": "Chocolate"
    },
    {
      "_typeName": "Assignment",
      "id": "cjx8wh6ob00b20a891z5iczxp",
      "_version": 1,
      "createdAt": "2019-06-23T12:00:13.824Z",
      "updatedAt": "2019-06-23T12:00:13.824Z"
    },
    {
      "_typeName": "Assignment",
      "id": "cjx8wv3xe00fy0a89lfopbvi4",
      "_version": 1,
      "createdAt": "2019-06-23T12:11:03.456Z",
      "updatedAt": "2019-06-23T12:11:03.456Z"
    },
    {
      "_typeName": "Assignment",
      "id": "cjx8x00t200h70a89h1yju3nx",
      "_version": 1,
      "createdAt": "2019-06-23T12:14:52.691Z",
      "updatedAt": "2019-06-23T12:14:52.691Z"
    },
    {
      "_typeName": "Assignment",
      "id": "cjx8xbr0f00jx0a896ldr4zuo",
      "_version": 1,
      "createdAt": "2019-06-23T12:23:59.867Z",
      "updatedAt": "2019-06-23T12:23:59.867Z"
    },
    {
      "_typeName": "Brand",
      "id": "cjuse8deg01710914b43mxy0e",
      "updatedAt": "2019-04-22T13:25:46.011Z",
      "_version": 1,
      "brandName": "OEM",
      "createdAt": "2019-04-22T13:25:46.011Z"
    },
    {
      "_typeName": "ProductAttribute",
      "id": "cjv307d3k05mb0815yu7yb3uw",
      "name": "Main Material",
      "updatedAt": "2019-04-29T23:38:32.335Z",
      "_version": 1,
      "createdAt": "2019-04-29T23:38:32.335Z"
    },
    {
      "_typeName": "ProductAttribute",
      "id": "cjv307tsz05n10815ce4h820h",
      "name": "Color",
      "updatedAt": "2019-04-29T23:38:53.987Z",
      "_version": 1,
      "createdAt": "2019-04-29T23:38:53.987Z"
    },
    {
      "_typeName": "ProductAttribute",
      "id": "cjv30884n05nq08156a558fz9",
      "name": "Size",
      "updatedAt": "2019-04-29T23:39:12.550Z",
      "_version": 1,
      "createdAt": "2019-04-29T23:39:12.550Z"
    },
    {
      "_typeName": "ProductAttributeValue",
      "id": "cjv307d3q05mc0815l9c4ojzz",
      "name": "wood",
      "updatedAt": "2019-04-29T23:38:32.336Z",
      "_version": 1,
      "createdAt": "2019-04-29T23:38:32.336Z"
    },
    {
      "_typeName": "ProductAttributeValue",
      "id": "cjv307d3z05md0815z2y0yf98",
      "name": "cotton",
      "updatedAt": "2019-04-29T23:38:32.336Z",
      "_version": 1,
      "createdAt": "2019-04-29T23:38:32.336Z"
    },
    {
      "_typeName": "ProductAttributeValue",
      "id": "cjv307d4105me0815h6v1meyq",
      "name": "leather",
      "updatedAt": "2019-04-29T23:38:32.336Z",
      "_version": 1,
      "createdAt": "2019-04-29T23:38:32.336Z"
    },
    {
      "_typeName": "ProductAttributeValue",
      "id": "cjv307d4405mf0815hwz6r4lr",
      "name": "granite",
      "updatedAt": "2019-04-29T23:38:32.336Z",
      "_version": 1,
      "createdAt": "2019-04-29T23:38:32.336Z"
    },
    {
      "_typeName": "ProductAttributeValue",
      "id": "cjv307tt505n2081554f1uwpb",
      "name": "red",
      "updatedAt": "2019-04-29T23:38:53.987Z",
      "_version": 1,
      "createdAt": "2019-04-29T23:38:53.987Z"
    },
    {
      "_typeName": "ProductAttributeValue",
      "id": "cjv307tt805n30815lbgk3efj",
      "name": "green",
      "updatedAt": "2019-04-29T23:38:53.987Z",
      "_version": 1,
      "createdAt": "2019-04-29T23:38:53.987Z"
    },
    {
      "_typeName": "ProductAttributeValue",
      "id": "cjv307tta05n40815zs9dm48a",
      "name": "blue",
      "updatedAt": "2019-04-29T23:38:53.987Z",
      "_version": 1,
      "createdAt": "2019-04-29T23:38:53.987Z"
    },
    {
      "_typeName": "ProductAttributeValue",
      "id": "cjv307ttg05n50815wkmkdtwj",
      "name": "white",
      "updatedAt": "2019-04-29T23:38:53.987Z",
      "_version": 1,
      "createdAt": "2019-04-29T23:38:53.987Z"
    },
    {
      "_typeName": "ProductAttributeValue",
      "id": "cjv30884q05nr0815xc3sf2mp",
      "name": "s",
      "updatedAt": "2019-04-29T23:39:12.550Z",
      "_version": 1,
      "createdAt": "2019-04-29T23:39:12.550Z"
    },
    {
      "_typeName": "ProductAttributeValue",
      "id": "cjv30884t05ns0815p7odwa4y",
      "name": "m",
      "updatedAt": "2019-04-29T23:39:12.550Z",
      "_version": 1,
      "createdAt": "2019-04-29T23:39:12.550Z"
    },
    {
      "_typeName": "ProductAttributeValue",
      "id": "cjv30884w05nt0815dsbkj3nl",
      "name": "l",
      "updatedAt": "2019-04-29T23:39:12.550Z",
      "_version": 1,
      "createdAt": "2019-04-29T23:39:12.550Z"
    },
    {
      "_typeName": "ProductAttributeValue",
      "id": "cjv30884z05nu08159jpanq8x",
      "name": "x",
      "updatedAt": "2019-04-29T23:39:12.550Z",
      "_version": 1,
      "createdAt": "2019-04-29T23:39:12.550Z"
    },
    {
      "_typeName": "Language",
      "id": "cjx6tu3jk00kr0889zv7pbt0v",
      "updatedAt": "2019-06-22T01:10:45.103Z",
      "_version": 1,
      "languageCode": "en",
      "createdAt": "2019-06-22T01:10:45.103Z"
    },
    {
      "_typeName": "Language",
      "id": "cjx6ty65d00nt08899l7mt21l",
      "updatedAt": "2019-06-22T01:13:55.104Z",
      "_version": 1,
      "languageCode": "vi",
      "createdAt": "2019-06-22T01:13:55.104Z"
    },
    {
      "_typeName": "Trans_Category",
      "id": "cjx6tu3jn00ks0889y2u3ykrv",
      "name": "baby",
      "updatedAt": "2019-06-22T01:10:45.103Z",
      "_version": 1,
      "createdAt": "2019-06-22T01:10:45.103Z"
    },
    {
      "_typeName": "Trans_Category",
      "id": "cjx6tu3jt00kt0889vnk0j1wt",
      "name": "children",
      "updatedAt": "2019-06-22T01:10:45.104Z",
      "_version": 1,
      "createdAt": "2019-06-22T01:10:45.104Z"
    },
    {
      "_typeName": "Trans_Category",
      "id": "cjx6tu3jw00ku0889prweve34",
      "name": "children 5-7",
      "updatedAt": "2019-06-22T01:10:45.104Z",
      "_version": 1,
      "createdAt": "2019-06-22T01:10:45.104Z"
    },
    {
      "_typeName": "Trans_Category",
      "id": "cjx6tu3jz00kv0889gxhsn5wr",
      "name": "children 8-12",
      "updatedAt": "2019-06-22T01:10:45.104Z",
      "_version": 1,
      "createdAt": "2019-06-22T01:10:45.104Z"
    },
    {
      "_typeName": "Trans_Category",
      "id": "cjx6tu3k200kw0889k593zga8",
      "name": "bathroom",
      "updatedAt": "2019-06-22T01:10:45.104Z",
      "_version": 1,
      "createdAt": "2019-06-22T01:10:45.104Z"
    },
    {
      "_typeName": "Trans_Category",
      "id": "cjx6ty65f00nu0889srww3toq",
      "name": "trẻ sơ sinh",
      "updatedAt": "2019-06-22T01:13:55.104Z",
      "_version": 1,
      "createdAt": "2019-06-22T01:13:55.104Z"
    },
    {
      "_typeName": "Trans_Category",
      "id": "cjx6ty65k00nv0889yapbdfzp",
      "name": "trẻ em",
      "updatedAt": "2019-06-22T01:13:55.104Z",
      "_version": 1,
      "createdAt": "2019-06-22T01:13:55.104Z"
    },
    {
      "_typeName": "Trans_Category",
      "id": "cjx6ty65z00nw0889jwdjy8p2",
      "name": "trẻ em từ 5-7 tuổi",
      "updatedAt": "2019-06-22T01:13:55.105Z",
      "_version": 1,
      "createdAt": "2019-06-22T01:13:55.105Z"
    },
    {
      "_typeName": "Trans_Category",
      "id": "cjx6ty66200nx0889b6e1vt65",
      "name": "trẻ em từ 8-12 tuổi",
      "updatedAt": "2019-06-22T01:13:55.105Z",
      "_version": 1,
      "createdAt": "2019-06-22T01:13:55.105Z"
    },
    {
      "_typeName": "Trans_Category",
      "id": "cjx6ty66700ny0889k509n1gm",
      "name": "phòng tắm",
      "updatedAt": "2019-06-22T01:13:55.105Z",
      "_version": 1,
      "createdAt": "2019-06-22T01:13:55.105Z"
    },
    {
      "_typeName": "Trans_Brand",
      "id": "cjx6tu3k900kx0889w9clm4ub",
      "updatedAt": "2019-06-22T01:10:45.104Z",
      "_version": 1,
      "brandName": "OEM",
      "createdAt": "2019-06-22T01:10:45.104Z"
    },
    {
      "_typeName": "Trans_Brand",
      "id": "cjx6ty66a00nz088991ezlkcp",
      "updatedAt": "2019-06-22T01:13:55.105Z",
      "_version": 1,
      "brandName": "OEM",
      "createdAt": "2019-06-22T01:13:55.105Z"
    },
    {
      "_typeName": "SupportStatus",
      "id": "cjx5t67hw003b0989nryfgn8f",
      "name": "RESOLVED",
      "updatedAt": "2019-06-21T13:13:50.274Z",
      "_version": 1,
      "createdAt": "2019-06-21T08:04:24.265Z"
    },
    {
      "_typeName": "SupportStatus",
      "id": "cjx5t6ctu003g0989g3mp6ukm",
      "name": "OPEN",
      "updatedAt": "2019-06-21T13:13:50.290Z",
      "_version": 1,
      "createdAt": "2019-06-21T08:04:31.218Z"
    },
    {
      "_typeName": "SupportStatus",
      "id": "cjx5t6h3x003l09898iya99ll",
      "name": "CLOSED",
      "updatedAt": "2019-06-21T13:13:50.298Z",
      "_version": 1,
      "createdAt": "2019-06-21T08:04:36.765Z"
    },
    {
      "_typeName": "SupportStatus",
      "id": "cjx67hxci00ig088993r7dh2c",
      "name": "APPROVED",
      "updatedAt": "2019-06-21T14:45:25.644Z",
      "_version": 1,
      "createdAt": "2019-06-21T14:45:25.644Z"
    },
    {
      "_typeName": "SupportStatus",
      "id": "cjx67i2e300iq0889g1druip8",
      "name": "DENIED",
      "updatedAt": "2019-06-21T14:45:32.186Z",
      "_version": 1,
      "createdAt": "2019-06-21T14:45:32.186Z"
    },
    {
      "_typeName": "SupportCategory",
      "id": "cjx5t7teg003q0989s2m983hi",
      "name": "USER",
      "updatedAt": "2019-06-21T10:42:25.639Z",
      "_version": 1,
      "createdAt": "2019-06-21T08:05:39.351Z"
    },
    {
      "_typeName": "SupportCategory",
      "id": "cjx5t7y5u003v09894hs0mu91",
      "name": "RETAILER",
      "updatedAt": "2019-06-21T10:42:25.633Z",
      "_version": 1,
      "createdAt": "2019-06-21T08:05:45.522Z"
    },
    {
      "_typeName": "SupportCategory",
      "id": "cjx5t9ksl004109899dygza5k",
      "name": "CREATE_RETAILER_APPROVAL",
      "updatedAt": "2019-06-21T10:42:25.590Z",
      "_version": 1,
      "createdAt": "2019-06-21T08:07:01.509Z",
      "parentId": "cjx5t7y5u003v09894hs0mu91"
    },
    {
      "_typeName": "SupportCategory",
      "id": "cjx5t9pr4004709898tq7exov",
      "name": "UPDATE_RETAILER_APPROVAL",
      "updatedAt": "2019-06-21T10:42:25.623Z",
      "_version": 1,
      "createdAt": "2019-06-21T08:07:07.935Z",
      "parentId": "cjx5t7y5u003v09894hs0mu91"
    },
    {
      "_typeName": "SupportCategory",
      "id": "cjx5tccr6004q09893frm4udf",
      "name": "PRODUCT",
      "updatedAt": "2019-06-21T10:42:25.658Z",
      "_version": 1,
      "createdAt": "2019-06-21T08:09:11.058Z"
    },
    {
      "_typeName": "SupportCategory",
      "id": "cjx5tel5i005m0989gnr0pvil",
      "name": "CREATE_PRODUCT_APPROVAL",
      "updatedAt": "2019-06-21T10:42:25.678Z",
      "_version": 1,
      "createdAt": "2019-06-21T08:10:55.254Z",
      "parentId": "cjx5tccr6004q09893frm4udf"
    },
    {
      "_typeName": "SupportCategory",
      "id": "cjx5tethx005r0989x1d25nif",
      "name": "UPDATE_PRODUCT_APPROVAL",
      "updatedAt": "2019-06-21T10:42:25.707Z",
      "_version": 1,
      "createdAt": "2019-06-21T08:11:06.068Z",
      "parentId": "cjx5tccr6004q09893frm4udf"
    },
    {
      "_typeName": "Permission",
      "id": "cjuqslw8v01kq0806tryrk42q",
      "updatedAt": "2019-06-21T08:27:49.346Z",
      "_version": 1,
      "createdAt": "2019-04-21T10:32:39.294Z",
      "type": "ENABLE_USER",
      "priority": 1
    },
    {
      "_typeName": "Permission",
      "id": "cjuqslztq01kx080683ucwp5w",
      "updatedAt": "2019-06-21T08:27:49.373Z",
      "_version": 1,
      "createdAt": "2019-04-21T10:32:43.933Z",
      "type": "UPDATE_USER",
      "priority": 1
    },
    {
      "_typeName": "Permission",
      "id": "cjuqsm6ya01lb0806dv1zz1hr",
      "updatedAt": "2019-06-21T08:27:49.393Z",
      "_version": 1,
      "createdAt": "2019-04-21T10:32:53.170Z",
      "type": "DELETE_USER",
      "priority": 1
    },
    {
      "_typeName": "Permission",
      "id": "cjx5u0pmm00dv0989j7l86ho5",
      "updatedAt": "2019-06-21T09:00:31.552Z",
      "_version": 1,
      "createdAt": "2019-06-21T08:28:07.486Z",
      "type": "CREATE_USER",
      "priority": 1
    },
    {
      "_typeName": "Permission",
      "id": "cjx5v6do900e909890uzsm3n2",
      "updatedAt": "2019-06-21T09:01:27.710Z",
      "_version": 1,
      "createdAt": "2019-06-21T09:00:31.545Z",
      "type": "READ_USER",
      "priority": 1
    },
    {
      "_typeName": "Permission",
      "id": "cjx5v7l0700ew0989tgymzcim",
      "updatedAt": "2019-06-21T09:04:09.673Z",
      "_version": 1,
      "createdAt": "2019-06-21T09:01:27.703Z",
      "type": "CREATE_RETAILER",
      "priority": 1
    },
    {
      "_typeName": "Permission",
      "id": "cjx5vb1zy00fk0989ka62y1b4",
      "updatedAt": "2019-06-21T09:04:09.694Z",
      "_version": 1,
      "createdAt": "2019-06-21T09:04:09.694Z",
      "type": "UPDATE_RETAILER",
      "priority": 1
    },
    {
      "_typeName": "Permission",
      "id": "cjx5vb20300fo0989vnvkoewu",
      "updatedAt": "2019-06-21T09:04:09.699Z",
      "_version": 1,
      "createdAt": "2019-06-21T09:04:09.699Z",
      "type": "DELETE_RETAILER",
      "priority": 1
    },
    {
      "_typeName": "Permission",
      "id": "cjx5vb20700fs0989uovynboa",
      "updatedAt": "2019-06-21T09:04:09.703Z",
      "_version": 1,
      "createdAt": "2019-06-21T09:04:09.703Z",
      "type": "READ_RETAILER",
      "priority": 1
    },
    {
      "_typeName": "Permission",
      "id": "cjx5vb20d00fw0989qtnom3a1",
      "updatedAt": "2019-06-21T09:04:09.708Z",
      "_version": 1,
      "createdAt": "2019-06-21T09:04:09.708Z",
      "type": "APPROVE_RETAILER",
      "priority": 1
    },
    {
      "_typeName": "Permission",
      "id": "cjx5vb20i00g009896pcv85at",
      "updatedAt": "2019-06-21T09:04:09.713Z",
      "_version": 1,
      "createdAt": "2019-06-21T09:04:09.713Z",
      "type": "ENABLE_RETAILER",
      "priority": 1
    },
    {
      "_typeName": "Permission",
      "id": "cjx5vdbsr00gl0989cbn40cdl",
      "updatedAt": "2019-06-21T09:05:55.706Z",
      "_version": 1,
      "createdAt": "2019-06-21T09:05:55.706Z",
      "type": "CREATE_PRODUCT",
      "priority": 1
    },
    {
      "_typeName": "Permission",
      "id": "cjx5vdbsx00gp0989ruaz0n1p",
      "updatedAt": "2019-06-21T09:05:55.713Z",
      "_version": 1,
      "createdAt": "2019-06-21T09:05:55.713Z",
      "type": "UPDATE_PRODUCT",
      "priority": 1
    },
    {
      "_typeName": "Permission",
      "id": "cjx5vdbt200gt0989bkeoyeys",
      "updatedAt": "2019-06-21T09:05:55.718Z",
      "_version": 1,
      "createdAt": "2019-06-21T09:05:55.718Z",
      "type": "DELETE_PRODUCT",
      "priority": 1
    },
    {
      "_typeName": "Permission",
      "id": "cjx5vdbt700gx09892ifyfcuf",
      "updatedAt": "2019-06-21T09:05:55.722Z",
      "_version": 1,
      "createdAt": "2019-06-21T09:05:55.722Z",
      "type": "ENABLE_PRODUCT",
      "priority": 1
    },
    {
      "_typeName": "Permission",
      "id": "cjx5vdbtb00h10989ygazfgv2",
      "updatedAt": "2019-06-21T09:05:55.727Z",
      "_version": 1,
      "createdAt": "2019-06-21T09:05:55.727Z",
      "type": "APPROVE_PRODUCT",
      "priority": 1
    },
    {
      "_typeName": "Permission",
      "id": "cjx5vdbtj00h509896cw3u8uh",
      "updatedAt": "2019-06-21T09:05:55.734Z",
      "_version": 1,
      "createdAt": "2019-06-21T09:05:55.734Z",
      "type": "READ_PRODUCT",
      "priority": 1
    },
    {
      "_typeName": "Permission",
      "id": "cjx5wxmg600kv0989lswwy25p",
      "updatedAt": "2019-06-21T09:49:42.245Z",
      "_version": 1,
      "createdAt": "2019-06-21T09:49:42.245Z",
      "type": "CREATE_SPCASE",
      "priority": 1
    },
    {
      "_typeName": "Permission",
      "id": "cjx5wxmi000kz0989p07jhqpl",
      "updatedAt": "2019-06-21T09:49:42.312Z",
      "_version": 1,
      "createdAt": "2019-06-21T09:49:42.312Z",
      "type": "UPDATE_SPCASE",
      "priority": 1
    },
    {
      "_typeName": "Permission",
      "id": "cjx5wxmif00l30989p4xuimj6",
      "updatedAt": "2019-06-21T09:49:42.327Z",
      "_version": 1,
      "createdAt": "2019-06-21T09:49:42.327Z",
      "type": "DELETE_SPCASE",
      "priority": 1
    },
    {
      "_typeName": "Permission",
      "id": "cjx5wxmik00l70989sfp71ddz",
      "updatedAt": "2019-06-21T09:49:42.332Z",
      "_version": 1,
      "createdAt": "2019-06-21T09:49:42.332Z",
      "type": "CLOSE_SPCASE",
      "priority": 1
    },
    {
      "_typeName": "Permission",
      "id": "cjx5wxmj000lb0989n0hucuu1",
      "updatedAt": "2019-06-21T09:49:42.348Z",
      "_version": 1,
      "createdAt": "2019-06-21T09:49:42.348Z",
      "type": "OPEN_SPCASE",
      "priority": 1
    },
    {
      "_typeName": "Permission",
      "id": "cjx5wxml200lf09897ygxj0eu",
      "updatedAt": "2019-06-21T09:49:42.421Z",
      "_version": 1,
      "createdAt": "2019-06-21T09:49:42.421Z",
      "type": "READ_SPCASE",
      "priority": 1
    },
    {
      "_typeName": "Permission",
      "id": "cjx5wxmlt00lj0989j1w6hpx9",
      "updatedAt": "2019-06-21T09:49:42.449Z",
      "_version": 1,
      "createdAt": "2019-06-21T09:49:42.449Z",
      "type": "CREATE_CORESPONSEDENCE",
      "priority": 1
    },
    {
      "_typeName": "Permission",
      "id": "cjx5wxmmk00ln09893bq8t3lj",
      "updatedAt": "2019-06-21T09:49:42.476Z",
      "_version": 1,
      "createdAt": "2019-06-21T09:49:42.476Z",
      "type": "UPDATE_CORESPONSEDENCE",
      "priority": 1
    },
    {
      "_typeName": "Permission",
      "id": "cjx5wxmmy00lr0989fm2u5hyw",
      "updatedAt": "2019-06-21T09:49:42.490Z",
      "_version": 1,
      "createdAt": "2019-06-21T09:49:42.490Z",
      "type": "DELETE_CORESPONSEDENCE",
      "priority": 1
    },
    {
      "_typeName": "Permission",
      "id": "cjx5wxmnm00lz0989atvi9i78",
      "updatedAt": "2019-06-21T09:49:42.514Z",
      "_version": 1,
      "createdAt": "2019-06-21T09:49:42.514Z",
      "type": "READ_CORESPONSEDENCE",
      "priority": 1
    },
    {
      "_typeName": "Permission",
      "id": "cjx8svwkc001i0a89fst3892c",
      "updatedAt": "2019-06-23T10:19:42.108Z",
      "_version": 1,
      "createdAt": "2019-06-23T10:19:42.108Z",
      "type": "CREATE_ORDER",
      "priority": 1
    },
    {
      "_typeName": "Permission",
      "id": "cjx8svwkk001m0a89b4z7ro3y",
      "updatedAt": "2019-06-23T10:19:42.115Z",
      "_version": 1,
      "createdAt": "2019-06-23T10:19:42.115Z",
      "type": "UPDATE_ORDER",
      "priority": 1
    },
    {
      "_typeName": "Permission",
      "id": "cjx8svwks001q0a89g8haiq4w",
      "updatedAt": "2019-06-23T10:19:42.123Z",
      "_version": 1,
      "createdAt": "2019-06-23T10:19:42.123Z",
      "type": "DELETE_ORDER",
      "priority": 1
    },
    {
      "_typeName": "Permission",
      "id": "cjx8y8sbl00l10a899ijdrgd2",
      "updatedAt": "2019-06-23T12:49:41.217Z",
      "_version": 1,
      "createdAt": "2019-06-23T12:49:41.217Z",
      "type": "UPLOAD_USER_MEDIA",
      "priority": 1
    },
    {
      "_typeName": "Permission",
      "id": "cjx8yadba00lb0a896t0brh7s",
      "updatedAt": "2019-06-23T12:50:55.078Z",
      "_version": 1,
      "createdAt": "2019-06-23T12:50:55.078Z",
      "type": "UPLOAD_RETAILER_MEDIA",
      "priority": 1
    },
    {
      "_typeName": "Permission",
      "id": "cjx8yodkd00lq0a89v3jdcz2v",
      "updatedAt": "2019-06-23T13:01:48.589Z",
      "_version": 1,
      "createdAt": "2019-06-23T13:01:48.589Z",
      "type": "UPLOAD_PRODUCT_MEDIA",
      "priority": 1
    },
    {
      "_typeName": "Category",
      "id": "cjuqqr6lb008b0806ngt5fe6h",
      "name": "baby",
      "updatedAt": "2019-04-21T09:40:46.749Z",
      "_version": 1,
      "createdAt": "2019-04-21T09:40:46.749Z"
    },
    {
      "_typeName": "Category",
      "id": "cjuqqrc7l008j0806a88o4xhq",
      "name": "children",
      "updatedAt": "2019-04-21T09:40:54.033Z",
      "_version": 1,
      "createdAt": "2019-04-21T09:40:54.033Z"
    },
    {
      "_typeName": "Category",
      "id": "cjuqqrn29008t0806u40wj4jx",
      "name": "children 5-7",
      "updatedAt": "2019-04-21T09:41:08.096Z",
      "_version": 1,
      "createdAt": "2019-04-21T09:41:08.096Z"
    },
    {
      "_typeName": "Category",
      "id": "cjuqqrqrp00900806elmd7glo",
      "name": "children 8-12",
      "updatedAt": "2019-04-21T09:41:12.900Z",
      "_version": 1,
      "createdAt": "2019-04-21T09:41:12.900Z"
    },
    {
      "_typeName": "Category",
      "id": "cjuqqrw9b00980806wnbk447b",
      "name": "bathroom",
      "updatedAt": "2019-06-22T01:10:59.263Z",
      "_version": 1,
      "createdAt": "2019-04-21T09:41:20.014Z"
    },
    {
      "_typeName": "Category",
      "id": "cjuqqs1gh009g0806dkg32dxj",
      "name": "textile",
      "updatedAt": "2019-04-21T09:41:26.753Z",
      "_version": 1,
      "createdAt": "2019-04-21T09:41:26.753Z"
    },
    {
      "_typeName": "Category",
      "id": "cjuqqs8oi009p0806mavq3viu",
      "name": "acccessory",
      "updatedAt": "2019-06-22T01:11:03.570Z",
      "_version": 1,
      "createdAt": "2019-04-21T09:41:36.113Z"
    },
    {
      "_typeName": "Category",
      "id": "cjuqqsenv009x0806kgzqjjf1",
      "name": "lighting",
      "updatedAt": "2019-04-21T09:41:43.866Z",
      "_version": 1,
      "createdAt": "2019-04-21T09:41:43.866Z"
    },
    {
      "_typeName": "Category",
      "id": "cjuqqskep00a50806dq4sjh0r",
      "name": "mirror",
      "updatedAt": "2019-04-21T09:41:51.312Z",
      "_version": 1,
      "createdAt": "2019-04-21T09:41:51.312Z"
    },
    {
      "_typeName": "Category",
      "id": "cjuqqviwk00c10806y3bo9vp4",
      "name": "stool",
      "updatedAt": "2019-04-21T09:44:09.331Z",
      "_version": 1,
      "createdAt": "2019-04-21T09:44:09.331Z"
    },
    {
      "_typeName": "Category",
      "id": "cjuqqvmwq00c80806w2pjcdzh",
      "name": "bench",
      "updatedAt": "2019-04-21T09:44:14.521Z",
      "_version": 1,
      "createdAt": "2019-04-21T09:44:14.521Z"
    },
    {
      "_typeName": "Category",
      "id": "cjuqqvt7f00ch0806agrq43j7",
      "name": "storage",
      "updatedAt": "2019-04-21T09:44:22.682Z",
      "_version": 1,
      "createdAt": "2019-04-21T09:44:22.682Z"
    },
    {
      "_typeName": "Category",
      "id": "cjuqqvz5c00cp0806kui4vfiy",
      "name": "shower",
      "updatedAt": "2019-04-21T09:44:30.383Z",
      "_version": 1,
      "createdAt": "2019-04-21T09:44:30.383Z"
    },
    {
      "_typeName": "Category",
      "id": "cjuqqwgwa00d80806x4oymk6x",
      "name": "wash-basin",
      "updatedAt": "2019-04-21T09:44:53.385Z",
      "_version": 1,
      "createdAt": "2019-04-21T09:44:53.385Z"
    },
    {
      "_typeName": "Category",
      "id": "cjuqqwqc000di0806ljwlc8wq",
      "name": "wash-stand",
      "updatedAt": "2019-04-21T09:45:05.615Z",
      "_version": 1,
      "createdAt": "2019-04-21T09:45:05.615Z"
    },
    {
      "_typeName": "Category",
      "id": "cjuqqx1b800dt080608xrrj2g",
      "name": "bed",
      "updatedAt": "2019-04-21T09:45:19.843Z",
      "_version": 1,
      "createdAt": "2019-04-21T09:45:19.843Z"
    },
    {
      "_typeName": "Category",
      "id": "cjuqqz19500ez0806jd8qan2j",
      "name": "mattress",
      "updatedAt": "2019-04-21T09:46:53.081Z",
      "_version": 1,
      "createdAt": "2019-04-21T09:46:53.081Z"
    },
    {
      "_typeName": "Category",
      "id": "cjuqr27d500gu0806g2zecyzq",
      "name": "bedding",
      "updatedAt": "2019-04-21T09:49:20.968Z",
      "_version": 1,
      "createdAt": "2019-04-21T09:49:20.968Z"
    },
    {
      "_typeName": "Category",
      "id": "cjuqr2jnr00h50806928caunm",
      "name": "bedside table",
      "updatedAt": "2019-04-21T09:49:36.903Z",
      "_version": 1,
      "createdAt": "2019-04-21T09:49:36.903Z"
    },
    {
      "_typeName": "Category",
      "id": "cjuqr3gop00hr080685zbcxaa",
      "name": "mattress base",
      "updatedAt": "2019-04-21T09:50:19.704Z",
      "_version": 1,
      "createdAt": "2019-04-21T09:50:19.704Z"
    },
    {
      "_typeName": "Category",
      "id": "cjuqr416j00i70806d5outq74",
      "name": "decoration",
      "updatedAt": "2019-04-21T09:50:46.267Z",
      "_version": 1,
      "createdAt": "2019-04-21T09:50:46.267Z"
    },
    {
      "_typeName": "Category",
      "id": "cjuqr4bgn00ih0806pyvaj312",
      "name": "candle holder",
      "updatedAt": "2019-04-21T09:50:59.591Z",
      "_version": 1,
      "createdAt": "2019-04-21T09:50:59.591Z"
    },
    {
      "_typeName": "Category",
      "id": "cjuqr4evy00io08066e63lrgh",
      "name": "candle",
      "updatedAt": "2019-04-21T09:51:04.029Z",
      "_version": 1,
      "createdAt": "2019-04-21T09:51:04.029Z"
    },
    {
      "_typeName": "Category",
      "id": "cjuqr4k0j00iw0806xihypvts",
      "name": "clock",
      "updatedAt": "2019-04-21T09:51:10.675Z",
      "_version": 1,
      "createdAt": "2019-04-21T09:51:10.675Z"
    },
    {
      "_typeName": "Category",
      "id": "cjuqr4xzb00j80806jovo86xx",
      "name": "pot",
      "updatedAt": "2019-04-21T09:51:28.774Z",
      "_version": 1,
      "createdAt": "2019-04-21T09:51:28.774Z"
    },
    {
      "_typeName": "Category",
      "id": "cjuqr5e6l00jm0806csgn8u3b",
      "name": "planter",
      "updatedAt": "2019-04-21T09:51:49.772Z",
      "_version": 1,
      "createdAt": "2019-04-21T09:51:49.772Z"
    },
    {
      "_typeName": "Category",
      "id": "cjuqr5m6v00jv0806le31d3l2",
      "name": "frame",
      "updatedAt": "2019-04-21T09:52:00.151Z",
      "_version": 1,
      "createdAt": "2019-04-21T09:52:00.151Z"
    },
    {
      "_typeName": "Category",
      "id": "cjuqr5rbp00k30806ucejv0be",
      "name": "picture",
      "updatedAt": "2019-04-21T09:52:06.804Z",
      "_version": 1,
      "createdAt": "2019-04-21T09:52:06.804Z"
    },
    {
      "_typeName": "Category",
      "id": "cjuqr6oi900kq0806iceo0pd6",
      "name": "vase",
      "updatedAt": "2019-04-21T09:52:49.808Z",
      "_version": 1,
      "createdAt": "2019-04-21T09:52:49.808Z"
    },
    {
      "_typeName": "Category",
      "id": "cjuqr6sk800kx08063sy5j6un",
      "name": "bowl",
      "updatedAt": "2019-04-21T09:52:55.064Z",
      "_version": 1,
      "createdAt": "2019-04-21T09:52:55.064Z"
    },
    {
      "_typeName": "Category",
      "id": "cjuqr71ol00l708064phuwib7",
      "name": "furniture",
      "updatedAt": "2019-04-21T09:53:06.884Z",
      "_version": 1,
      "createdAt": "2019-04-21T09:53:06.884Z"
    },
    {
      "_typeName": "Category",
      "id": "cjuqr788000lf0806fk5n2kux",
      "name": "bar",
      "updatedAt": "2019-04-21T09:53:15.360Z",
      "_version": 1,
      "createdAt": "2019-04-21T09:53:15.360Z"
    },
    {
      "_typeName": "Category",
      "id": "cjuqr7bjo00lm08068br4vnzl",
      "name": "table",
      "updatedAt": "2019-04-21T09:53:19.668Z",
      "_version": 1,
      "createdAt": "2019-04-21T09:53:19.668Z"
    },
    {
      "_typeName": "Category",
      "id": "cjuqr7emm00ls0806l47cdc5v",
      "name": "chair",
      "updatedAt": "2019-04-21T09:53:23.661Z",
      "_version": 1,
      "createdAt": "2019-04-21T09:53:23.661Z"
    },
    {
      "_typeName": "Category",
      "id": "cjuqr839600ma0806f7zc69hi",
      "name": "bookcase",
      "updatedAt": "2019-04-21T09:53:55.577Z",
      "_version": 1,
      "createdAt": "2019-04-21T09:53:55.577Z"
    },
    {
      "_typeName": "Category",
      "id": "cjuqr8r1q00ms0806udcu1nio",
      "name": "shelving",
      "updatedAt": "2019-04-21T09:54:26.413Z",
      "_version": 1,
      "createdAt": "2019-04-21T09:54:26.413Z"
    },
    {
      "_typeName": "Category",
      "id": "cjuqr962p00n508060pdz2xz5",
      "name": "cabinet",
      "updatedAt": "2019-04-21T09:54:45.889Z",
      "_version": 1,
      "createdAt": "2019-04-21T09:54:45.889Z"
    },
    {
      "_typeName": "Category",
      "id": "cjuqr9aep00nc0806oihmol4a",
      "name": "cupboard",
      "updatedAt": "2019-04-21T09:54:51.505Z",
      "_version": 1,
      "createdAt": "2019-04-21T09:54:51.505Z"
    },
    {
      "_typeName": "Category",
      "id": "cjuqra3qo00nx08068f3gb6pr",
      "name": "café",
      "updatedAt": "2019-04-21T09:55:29.520Z",
      "_version": 1,
      "createdAt": "2019-04-21T09:55:29.520Z"
    },
    {
      "_typeName": "Category",
      "id": "cjuqrb3ul00ol0806xlhmjkia",
      "name": "drawer",
      "updatedAt": "2019-04-21T09:56:16.316Z",
      "_version": 1,
      "createdAt": "2019-04-21T09:56:16.316Z"
    },
    {
      "_typeName": "Category",
      "id": "cjuqrbd4c00ov08067v6sjo9r",
      "name": "chest of drawer",
      "updatedAt": "2019-04-21T09:56:28.332Z",
      "_version": 1,
      "createdAt": "2019-04-21T09:56:28.332Z"
    },
    {
      "_typeName": "Category",
      "id": "cjuqrbr8h00p70806ozcl8ks0",
      "name": "outdoor",
      "updatedAt": "2019-04-21T09:56:46.625Z",
      "_version": 1,
      "createdAt": "2019-04-21T09:56:46.625Z"
    },
    {
      "_typeName": "Category",
      "id": "cjuqrccfq00po08064ogvfb5k",
      "name": "sofa",
      "updatedAt": "2019-04-21T09:57:14.101Z",
      "_version": 1,
      "createdAt": "2019-04-21T09:57:14.101Z"
    },
    {
      "_typeName": "Category",
      "id": "cjuqrci5i00pw08068hd0qo1e",
      "name": "armchair",
      "updatedAt": "2019-04-21T09:57:21.510Z",
      "_version": 1,
      "createdAt": "2019-04-21T09:57:21.510Z"
    },
    {
      "_typeName": "Category",
      "id": "cjuqrctpy00q708067ojz4ohx",
      "name": "desk",
      "updatedAt": "2019-04-21T09:57:36.502Z",
      "_version": 1,
      "createdAt": "2019-04-21T09:57:36.502Z"
    },
    {
      "_typeName": "Category",
      "id": "cjuqrdzpp00qy08064bhlgath",
      "name": "tv & media",
      "updatedAt": "2019-04-21T09:58:30.924Z",
      "_version": 1,
      "createdAt": "2019-04-21T09:58:30.924Z"
    },
    {
      "_typeName": "Category",
      "id": "cjuqreief00rc0806wecyv9vs",
      "name": "wardrobe",
      "updatedAt": "2019-04-21T09:58:55.142Z",
      "_version": 1,
      "createdAt": "2019-04-21T09:58:55.142Z"
    },
    {
      "_typeName": "Category",
      "id": "cjuqrf0hy00rr0806wrepau5f",
      "name": "improvement",
      "updatedAt": "2019-04-21T09:59:18.597Z",
      "_version": 1,
      "createdAt": "2019-04-21T09:59:18.597Z"
    },
    {
      "_typeName": "Category",
      "id": "cjuqrfaap00s10806if9bogvi",
      "name": "door",
      "updatedAt": "2019-04-21T09:59:31.295Z",
      "_version": 1,
      "createdAt": "2019-04-21T09:59:31.295Z"
    },
    {
      "_typeName": "Category",
      "id": "cjuqrfd6r00s80806n41q7kui",
      "name": "handle",
      "updatedAt": "2019-04-21T09:59:35.042Z",
      "_version": 1,
      "createdAt": "2019-04-21T09:59:35.042Z"
    },
    {
      "_typeName": "Category",
      "id": "cjuqrfkgj00sh0806242sohvj",
      "name": "knob",
      "updatedAt": "2019-04-21T09:59:44.467Z",
      "_version": 1,
      "createdAt": "2019-04-21T09:59:44.467Z"
    },
    {
      "_typeName": "Category",
      "id": "cjuqrg3ck00sv0806s9jwp36c",
      "name": "oil",
      "updatedAt": "2019-04-21T10:00:08.947Z",
      "_version": 1,
      "createdAt": "2019-04-21T10:00:08.947Z"
    },
    {
      "_typeName": "Category",
      "id": "cjuqrgang00t40806tssq9m2c",
      "name": "stain",
      "updatedAt": "2019-04-21T10:00:18.411Z",
      "_version": 1,
      "createdAt": "2019-04-21T10:00:18.411Z"
    },
    {
      "_typeName": "Category",
      "id": "cjuqrgkks00tf0806ketxxz5w",
      "name": "care",
      "updatedAt": "2019-04-21T10:00:31.275Z",
      "_version": 1,
      "createdAt": "2019-04-21T10:00:31.275Z"
    },
    {
      "_typeName": "Category",
      "id": "cjuqrh2i300ty0806j3aba5g1",
      "name": "flooring",
      "updatedAt": "2019-04-21T10:00:54.507Z",
      "_version": 1,
      "createdAt": "2019-04-21T10:00:54.507Z"
    },
    {
      "_typeName": "Category",
      "id": "cjuqrhcvo00u908064e79sw2f",
      "name": "safety",
      "updatedAt": "2019-04-21T10:01:07.956Z",
      "_version": 1,
      "createdAt": "2019-04-21T10:01:07.956Z"
    },
    {
      "_typeName": "Category",
      "id": "cjuqrhu9j00un0806vht6wsbt",
      "name": "tool",
      "updatedAt": "2019-04-21T10:01:30.485Z",
      "_version": 1,
      "createdAt": "2019-04-21T10:01:30.485Z"
    },
    {
      "_typeName": "Category",
      "id": "cjuqrhydd00uu0806ylcqzhaq",
      "name": "fitting",
      "updatedAt": "2019-04-21T10:01:35.808Z",
      "_version": 1,
      "createdAt": "2019-04-21T10:01:35.808Z"
    },
    {
      "_typeName": "Category",
      "id": "cjuqri8h900v40806733ngdje",
      "name": "wall",
      "updatedAt": "2019-04-21T10:01:48.908Z",
      "_version": 1,
      "createdAt": "2019-04-21T10:01:48.908Z"
    },
    {
      "_typeName": "Category",
      "id": "cjuqribcm00vb0806jz2hj7f5",
      "name": "panel",
      "updatedAt": "2019-04-21T10:01:52.629Z",
      "_version": 1,
      "createdAt": "2019-04-21T10:01:52.629Z"
    },
    {
      "_typeName": "Category",
      "id": "cjuqrijqq00vk0806yvu09gv7",
      "name": "kitchen",
      "updatedAt": "2019-04-21T10:02:03.505Z",
      "_version": 1,
      "createdAt": "2019-04-21T10:02:03.505Z"
    },
    {
      "_typeName": "Category",
      "id": "cjuqriojx00vs0806pq2w9d91",
      "name": "appliance",
      "updatedAt": "2019-04-21T10:02:09.741Z",
      "_version": 1,
      "createdAt": "2019-04-21T10:02:09.741Z"
    },
    {
      "_typeName": "Category",
      "id": "cjuqrjylr00wl08065b0meze0",
      "name": "kitchenware",
      "updatedAt": "2019-04-21T10:03:09.423Z",
      "_version": 1,
      "createdAt": "2019-04-21T10:03:09.423Z"
    },
    {
      "_typeName": "Category",
      "id": "cjuqrk3h200ws0806ewj8b238",
      "name": "tablewear",
      "updatedAt": "2019-04-21T10:03:15.733Z",
      "_version": 1,
      "createdAt": "2019-04-21T10:03:15.733Z"
    },
    {
      "_typeName": "Category",
      "id": "cjuqrkrk400xa080600u5fcro",
      "name": "coffee",
      "updatedAt": "2019-04-21T10:03:46.947Z",
      "_version": 1,
      "createdAt": "2019-04-21T10:03:46.947Z"
    },
    {
      "_typeName": "Category",
      "id": "cjuqrkuxq00xh0806haoq00cw",
      "name": "tea",
      "updatedAt": "2019-04-21T10:03:51.325Z",
      "_version": 1,
      "createdAt": "2019-04-21T10:03:51.325Z"
    },
    {
      "_typeName": "Category",
      "id": "cjuqrlkte00xz08060yc5l6u6",
      "name": "cooking & baking",
      "updatedAt": "2019-04-21T10:04:24.865Z",
      "_version": 1,
      "createdAt": "2019-04-21T10:04:24.865Z"
    },
    {
      "_typeName": "Category",
      "id": "cjuqrm8pr00yh0806sswcvkuh",
      "name": "cookwear",
      "updatedAt": "2019-04-21T10:04:55.839Z",
      "_version": 1,
      "createdAt": "2019-04-21T10:04:55.839Z"
    },
    {
      "_typeName": "Category",
      "id": "cjuqrmsrw00yw08067cklpb1o",
      "name": "cutlery",
      "updatedAt": "2019-04-21T10:05:21.835Z",
      "_version": 1,
      "createdAt": "2019-04-21T10:05:21.835Z"
    },
    {
      "_typeName": "Category",
      "id": "cjuqrmz8n00z40806yn7wcali",
      "name": "dinnerwear",
      "updatedAt": "2019-04-21T10:05:30.214Z",
      "_version": 1,
      "createdAt": "2019-04-21T10:05:30.214Z"
    },
    {
      "_typeName": "Category",
      "id": "cjuqrn7ci00ze0806wqjpi0df",
      "name": "dishwashing accessory",
      "updatedAt": "2019-04-21T10:05:40.721Z",
      "_version": 1,
      "createdAt": "2019-04-21T10:05:40.721Z"
    },
    {
      "_typeName": "Category",
      "id": "cjuqroy3m010g080601nvuek9",
      "name": "food storage & organising",
      "updatedAt": "2019-04-21T10:07:02.050Z",
      "_version": 1,
      "createdAt": "2019-04-21T10:07:02.050Z"
    },
    {
      "_typeName": "Category",
      "id": "cjuqrpm6z010x0806hhj9lppu",
      "name": "glassware & jugs",
      "updatedAt": "2019-04-21T10:07:33.274Z",
      "_version": 1,
      "createdAt": "2019-04-21T10:07:33.274Z"
    },
    {
      "_typeName": "Category",
      "id": "cjuqrrbrw011z0806uial0geg",
      "name": "knives",
      "updatedAt": "2019-04-21T10:08:53.084Z",
      "_version": 1,
      "createdAt": "2019-04-21T10:08:53.084Z"
    },
    {
      "_typeName": "Category",
      "id": "cjuqrrk7x012808068d84sn8i",
      "name": "chopping boards",
      "updatedAt": "2019-04-21T10:09:04.028Z",
      "_version": 1,
      "createdAt": "2019-04-21T10:09:04.028Z"
    },
    {
      "_typeName": "Category",
      "id": "cjuqrstzv013108063rw81khb",
      "name": "serveware",
      "updatedAt": "2019-04-21T10:10:03.355Z",
      "_version": 1,
      "createdAt": "2019-04-21T10:10:03.355Z"
    },
    {
      "_typeName": "Category",
      "id": "cjuqru26y013t080667ktkqq3",
      "name": "laundry",
      "updatedAt": "2019-04-21T10:11:00.633Z",
      "_version": 1,
      "createdAt": "2019-04-21T10:11:00.633Z"
    },
    {
      "_typeName": "Category",
      "id": "cjuqru9l201420806u1qe7rhy",
      "name": "cleaning",
      "updatedAt": "2019-04-21T10:11:10.213Z",
      "_version": 1,
      "createdAt": "2019-04-21T10:11:10.213Z"
    },
    {
      "_typeName": "Category",
      "id": "cjuqrup2m014g0806rlpq4xmk",
      "name": "bin",
      "updatedAt": "2019-04-21T10:11:30.286Z",
      "_version": 1,
      "createdAt": "2019-04-21T10:11:30.286Z"
    },
    {
      "_typeName": "Category",
      "id": "cjuqrus00014m08062jgfcilg",
      "name": "bag",
      "updatedAt": "2019-04-21T10:11:34.080Z",
      "_version": 1,
      "createdAt": "2019-04-21T10:11:34.080Z"
    },
    {
      "_typeName": "Category",
      "id": "cjuqrvtpe015g0806b8kt8h6s",
      "name": "drying rack",
      "updatedAt": "2019-04-21T10:12:22.946Z",
      "_version": 1,
      "createdAt": "2019-04-21T10:12:22.946Z"
    },
    {
      "_typeName": "Category",
      "id": "cjuqrwap0015u0806key6u0sl",
      "name": "ironing board",
      "updatedAt": "2019-04-21T10:12:44.963Z",
      "_version": 1,
      "createdAt": "2019-04-21T10:12:44.963Z"
    },
    {
      "_typeName": "Category",
      "id": "cjuqrx6mp016f08065s2hieil",
      "name": "decorative light",
      "updatedAt": "2019-04-21T10:13:26.352Z",
      "_version": 1,
      "createdAt": "2019-04-21T10:13:26.352Z"
    },
    {
      "_typeName": "Category",
      "id": "cjuqrxdkg016o0806rfzc5wrt",
      "name": "integrated light",
      "updatedAt": "2019-04-21T10:13:35.344Z",
      "_version": 1,
      "createdAt": "2019-04-21T10:13:35.344Z"
    },
    {
      "_typeName": "Category",
      "id": "cjuqrxspz017108063qky61xa",
      "name": "lamp",
      "updatedAt": "2019-04-21T10:13:54.982Z",
      "_version": 1,
      "createdAt": "2019-04-21T10:13:54.982Z"
    },
    {
      "_typeName": "Category",
      "id": "cjuqry356017c080650clbwg9",
      "name": "led light bulb",
      "updatedAt": "2019-04-21T10:14:08.489Z",
      "_version": 1,
      "createdAt": "2019-04-21T10:14:08.489Z"
    },
    {
      "_typeName": "Category",
      "id": "cjuqryb0z017l08068lphwnzy",
      "name": "smart",
      "updatedAt": "2019-04-21T10:14:18.706Z",
      "_version": 1,
      "createdAt": "2019-04-21T10:14:18.706Z"
    },
    {
      "_typeName": "Category",
      "id": "cjuqrzbbv01890806x0scet4b",
      "name": "mat",
      "updatedAt": "2019-04-21T10:15:05.754Z",
      "_version": 1,
      "createdAt": "2019-04-21T10:15:05.754Z"
    },
    {
      "_typeName": "Category",
      "id": "cjuqrzq0k018m0806ippozpct",
      "name": "rug",
      "updatedAt": "2019-04-21T10:15:24.788Z",
      "_version": 1,
      "createdAt": "2019-04-21T10:15:24.788Z"
    },
    {
      "_typeName": "Category",
      "id": "cjuqs2ulr01aj08064zfm61gc",
      "name": "shoe rack",
      "updatedAt": "2019-04-21T10:17:50.702Z",
      "_version": 1,
      "createdAt": "2019-04-21T10:17:50.702Z"
    },
    {
      "_typeName": "Category",
      "id": "cjuqs37yb01av0806cp0s0xew",
      "name": "hook",
      "updatedAt": "2019-04-21T10:18:08.002Z",
      "_version": 1,
      "createdAt": "2019-04-21T10:18:08.002Z"
    },
    {
      "_typeName": "Address",
      "id": "cjx8wjksu00bp0a89wasvqsga",
      "city": "foxiny",
      "name": "foxiny",
      "updatedAt": "2019-06-23T12:02:05.450Z",
      "_version": 1,
      "zip": "850000",
      "state": "foxiny",
      "description": "foxiny",
      "createdAt": "2019-06-23T12:02:05.450Z",
      "region": "VI",
      "street": "foxiny",
      "unit": "foxiny",
      "district": "foxiny",
      "phone": "foxiny"
    },
    {
      "_typeName": "Address",
      "id": "cjx8wso2900f40a89dkmvk1hm",
      "city": "foxinyRetail",
      "name": "foxinyRetail",
      "updatedAt": "2019-06-23T12:09:09.571Z",
      "_version": 1,
      "zip": "foxinyRetail",
      "state": "foxinyRetail",
      "description": "foxinyRetail",
      "createdAt": "2019-06-23T12:09:09.571Z",
      "region": "VI",
      "street": "foxinyRetail",
      "unit": "foxinyRetail",
      "district": "foxinyRetail",
      "phone": "foxinyRetail"
    },
    {
      "_typeName": "User",
      "id": "cjx8wh6o100b10a89sn9rx23q",
      "name": "FOXINY",
      "updatedAt": "2019-06-23T12:17:54.169Z",
      "_version": 1,
      "email": "foxiny@foxiny.com",
      "enabled": true,
      "profile": "ROOT",
      "createdAt": "2019-06-23T12:00:13.824Z",
      "recoverable": true,
      "phone": "0123456789",
      "password": "$2a$12$Ec6xzrd6D4oqx3dVBoEvj.cVcUkDs.T5yI0jjPgUiIhLCY5eMRElq"
    },
    {
      "_typeName": "User",
      "id": "cjx8wv3xc00fx0a892sruumxg",
      "name": "test",
      "updatedAt": "2019-06-23T12:25:31.723Z",
      "_version": 1,
      "email": "user@user.com",
      "enabled": true,
      "profile": "test",
      "createdAt": "2019-06-23T12:11:03.455Z",
      "recoverable": false,
      "password": "$2a$12$Ec6xzrd6D4oqx3dVBoEvj.cVcUkDs.T5yI0jjPgUiIhLCY5eMRElq"
    },
    {
      "_typeName": "User",
      "id": "cjx8x00t000h60a8910d242yf",
      "name": "testRetailer",
      "updatedAt": "2019-06-23T12:14:52.691Z",
      "_version": 1,
      "email": "retailer@retailer.com",
      "enabled": true,
      "profile": "testRetailer",
      "createdAt": "2019-06-23T12:14:52.691Z",
      "recoverable": false,
      "password": "$2a$12$Ec6xzrd6D4oqx3dVBoEvj.cVcUkDs.T5yI0jjPgUiIhLCY5eMRElq"
    },
    {
      "_typeName": "User",
      "id": "cjx8xbr0d00jw0a890jdodu3z",
      "name": "testSupporter",
      "updatedAt": "2019-06-23T12:25:07.793Z",
      "_version": 1,
      "email": "supporter@supporter.com",
      "enabled": true,
      "profile": "testSupporter",
      "createdAt": "2019-06-23T12:23:59.867Z",
      "recoverable": false,
      "password": "$2a$12$PNNq/POrUiC6kCUgHJVg1OY7gGfguTucOnFQRBdpMK.WwzXwPE5qK"
    },
    {
      "_typeName": "User",
      "id": "cjxa54a9800160889cusdi4or",
      "name": "mytest",
      "updatedAt": "2019-06-24T08:49:54.628Z",
      "_version": 1,
      "email": "mytest@test.com",
      "enabled": true,
      "profile": "mytest",
      "createdAt": "2019-06-24T08:49:54.628Z",
      "recoverable": true,
      "phone": "",
      "password": "$2a$12$Ec6xzrd6D4oqx3dVBoEvj.cVcUkDs.T5yI0jjPgUiIhLCY5eMRElq"
    },
    {
      "_typeName": "Retailer",
      "id": "cjx8wso1x00f30a89i06iqz0n",
      "businessPhone": "0123456789",
      "updatedAt": "2019-06-23T12:17:54.176Z",
      "_version": 1,
      "socialNumber": "000011112222",
      "businessLink": "foxiny",
      "businessName": "FoxinyRetail",
      "createdAt": "2019-06-23T12:09:09.570Z",
      "businessLicense": "000011112222",
      "businessEmail": "elbertsoftware.tester@gmail.com",
      "enabled": true
    },
    {
      "_typeName": "Retailer",
      "id": "cjx8x25h200hn0a8934r3861q",
      "businessPhone": "0386824579",
      "updatedAt": "2019-06-23T12:16:32.051Z",
      "_version": 1,
      "socialNumber": "000011112222",
      "businessLink": "TestRetailer",
      "businessName": "TestRetailer",
      "createdAt": "2019-06-23T12:16:32.051Z",
      "businessLicense": "000011112222",
      "businessEmail": "elbertsoftware.tester@gmail.com",
      "enabled": false
    },
    {
      "_typeName": "Role",
      "id": "cjuqspulf01no0806w2h2ndbb",
      "name": "ROOT",
      "updatedAt": "2019-06-21T09:08:09.722Z",
      "_version": 1,
      "description": "ROOT",
      "createdAt": "2019-04-21T10:35:43.761Z",
      "type": "ROOT"
    },
    {
      "_typeName": "Role",
      "id": "cjx5vzlrs00im0989hhr8d543",
      "name": "PRODUCT_ADMIN",
      "updatedAt": "2019-06-21T09:23:15.064Z",
      "_version": 1,
      "description": "PRODUCT_ADMIN",
      "createdAt": "2019-06-21T09:23:15.064Z",
      "type": "PRODUCT_ADMIN"
    },
    {
      "_typeName": "Role",
      "id": "cjx5w43zo00jl09892a8ukweo",
      "name": "RETAILER_ADMIN",
      "updatedAt": "2019-06-21T09:26:45.299Z",
      "_version": 1,
      "description": "RETAILER_ADMIN",
      "createdAt": "2019-06-21T09:26:45.299Z",
      "type": "RETAILER_ADMIN"
    },
    {
      "_typeName": "Role",
      "id": "cjx5x2hmb00nl0989jiwdxjig",
      "name": "SUPPORT_ADMIN",
      "updatedAt": "2019-06-21T09:53:29.266Z",
      "_version": 1,
      "description": "SUPPORT_ADMIN",
      "createdAt": "2019-06-21T09:53:29.266Z",
      "type": "SUPPORT_ADMIN"
    },
    {
      "_typeName": "Role",
      "id": "cjx5y3o1z00pi0989ngi6rjtt",
      "name": "RETAILER",
      "updatedAt": "2019-06-21T10:22:23.878Z",
      "_version": 1,
      "description": "RETAILER",
      "createdAt": "2019-06-21T10:22:23.878Z",
      "type": "RETAILER"
    },
    {
      "_typeName": "Role",
      "id": "cjx8t83zp003j0a89fdfr6knm",
      "name": "USER",
      "updatedAt": "2019-06-23T10:29:11.604Z",
      "_version": 1,
      "description": "USER",
      "createdAt": "2019-06-23T10:29:11.604Z",
      "type": "USER"
    },
    {
      "_typeName": "SupportSeverity",
      "id": "cjx5y7izt00ql09890tvifgwb",
      "name": "LOW",
      "updatedAt": "2019-06-21T13:10:54.459Z",
      "_version": 1,
      "createdAt": "2019-06-21T10:25:23.944Z"
    },
    {
      "_typeName": "SupportSeverity",
      "id": "cjx5y7u9o00qw098993auj14w",
      "name": "MEDIUM",
      "updatedAt": "2019-06-21T13:10:54.475Z",
      "_version": 1,
      "createdAt": "2019-06-21T10:25:38.555Z"
    },
    {
      "_typeName": "SupportSeverity",
      "id": "cjx5y7uac00r00989m32cos7s",
      "name": "HIGH",
      "updatedAt": "2019-06-21T13:10:54.483Z",
      "_version": 1,
      "createdAt": "2019-06-21T10:25:38.580Z"
    }
  ]
}
