{"valueType":"nodes","values":[{"_typeName":"SecurityQuestion","id":"cjsfy31e502mp0704i38pasnk","question":"What school did you attend for 6th grade?","updatedAt":"2019-02-22T11:01:04.589Z","_version":1,"createdAt":"2019-02-22T11:01:04.589Z"},{"_typeName":"SecurityQuestion","id":"cjsfy3dmz02n10704c6ifw2vr","question":"What country have you always dreamt of vacationing in?","updatedAt":"2019-02-22T11:01:20.458Z","_version":1,"createdAt":"2019-02-22T11:01:20.458Z"},{"_typeName":"SecurityQuestion","id":"cjsfy3ks502nb0704on8wiffq","question":"What was the last name of your favorite elementary school teacher?","updatedAt":"2019-02-22T11:01:29.717Z","_version":1,"createdAt":"2019-02-22T11:01:29.717Z"},{"_typeName":"SecurityQuestion","id":"cjsfy3r7u02nk0704ykn33y42","question":"What was the first album/CD you purchased?","updatedAt":"2019-02-22T11:01:38.058Z","_version":1,"createdAt":"2019-02-22T11:01:38.058Z"},{"_typeName":"SecurityQuestion","id":"cjsfy3xia02nt070471z4b9mr","question":"In what city did you meet your spouse/significant other?","updatedAt":"2019-02-22T11:01:46.210Z","_version":1,"createdAt":"2019-02-22T11:01:46.210Z"},{"_typeName":"SecurityQuestion","id":"cjsfy45c702o30704lsb8mkar","question":"What is the name of your favorite childhood friend?","updatedAt":"2019-02-22T11:01:56.358Z","_version":1,"createdAt":"2019-02-22T11:01:56.358Z"},{"_typeName":"SecurityQuestion","id":"cjsfy4a1n02ob070442vqhtll","question":"Who was your favorite singer/band in high school?","updatedAt":"2019-02-22T11:02:02.458Z","_version":1,"createdAt":"2019-02-22T11:02:02.458Z"},{"_typeName":"SecurityQuestion","id":"cjsfy4eur02oj0704mxpzb1l8","question":"What is the first movie you saw in in thearters?","updatedAt":"2019-02-22T11:02:08.691Z","_version":1,"createdAt":"2019-02-22T11:02:08.691Z"},{"_typeName":"SecurityQuestion","id":"cjsfy4j8202oq0704j9msbtgl","question":"What is your favorite candy/dessert?","updatedAt":"2019-02-22T11:02:14.354Z","_version":1,"createdAt":"2019-02-22T11:02:14.354Z"},{"_typeName":"SecurityQuestion","id":"cjsfy4om302oz0704rpbkz3ha","question":"What is your favorite pastime?","updatedAt":"2019-02-22T11:02:21.339Z","_version":1,"createdAt":"2019-02-22T11:02:21.339Z"},{"_typeName":"SecurityQuestion","id":"cjsfy4tck02p70704to9w5nwr","question":"What is your favorite sport?","updatedAt":"2019-02-22T11:02:27.475Z","_version":1,"createdAt":"2019-02-22T11:02:27.475Z"},{"_typeName":"SecurityQuestion","id":"cjsfy51xy02ph0704g2cxlw8t","question":"What are last 5 digits of your social securiy number?","updatedAt":"2019-02-22T11:02:38.613Z","_version":1,"createdAt":"2019-02-22T11:02:38.613Z"},{"_typeName":"SecurityQuestion","id":"cjsfy56hd02pp0704ffywixpo","question":"Where is your favorite vacation spot?","updatedAt":"2019-02-22T11:02:44.496Z","_version":1,"createdAt":"2019-02-22T11:02:44.496Z"},{"_typeName":"SecurityQuestion","id":"cjsfy5c9j02py0704o8rdxsau","question":"To what city did you go the first time you flew on an airplane?","updatedAt":"2019-02-22T11:02:51.991Z","_version":1,"createdAt":"2019-02-22T11:02:51.991Z"},{"_typeName":"SecurityQuestion","id":"cjsfy5her02q607043bu57tir","question":"What was the first concert you attended?","updatedAt":"2019-02-22T11:02:58.659Z","_version":1,"createdAt":"2019-02-22T11:02:58.659Z"},{"_typeName":"SecurityQuestion","id":"cjsfy5lts02qe07048qo6i2lg","question":"What is your favorite food?","updatedAt":"2019-02-22T11:03:04.384Z","_version":1,"createdAt":"2019-02-22T11:03:04.384Z"},{"_typeName":"SecurityQuestion","id":"cjsfy5q6502ql07048duvkr04","question":"Who was your childhood hero?","updatedAt":"2019-02-22T11:03:10.013Z","_version":1,"createdAt":"2019-02-22T11:03:10.013Z"},{"_typeName":"SecurityQuestion","id":"cjsfy5v9102qu0704i3uexf37","question":"What is your favorite movie character?","updatedAt":"2019-02-22T11:03:16.597Z","_version":1,"createdAt":"2019-02-22T11:03:16.597Z"},{"_typeName":"SecurityAnswer","id":"cjyd24brn034q0702sg2ee3gy","updatedAt":"2019-07-21T14:28:58.640Z","_version":1,"createdAt":"2019-07-21T14:28:58.640Z","answer":"hello"},{"_typeName":"SecurityAnswer","id":"cjyd24bru034r0702j6ndh4v9","updatedAt":"2019-07-21T14:28:58.641Z","_version":1,"createdAt":"2019-07-21T14:28:58.641Z","answer":"hello"},{"_typeName":"SecurityAnswer","id":"cjyd24brx034s0702549ngpgh","updatedAt":"2019-07-21T14:28:58.641Z","_version":1,"createdAt":"2019-07-21T14:28:58.641Z","answer":"hello"},{"_typeName":"Assignment","id":"cjyd24bs0034t0702wa4x4gag","_version":1,"createdAt":"2019-07-21T14:28:58.641Z","updatedAt":"2019-07-21T14:28:58.641Z"},{"_typeName":"Assignment","id":"cjyd266bb035s07029bun6azn","_version":1,"createdAt":"2019-07-21T14:30:24.885Z","updatedAt":"2019-07-21T14:30:24.885Z"},{"_typeName":"Assignment","id":"cjyd28457036i0702bnyksbpr","_version":1,"createdAt":"2019-07-21T14:31:55.383Z","updatedAt":"2019-07-21T14:31:55.383Z"},{"_typeName":"Assignment","id":"cjyd2bqr203860702kvkt9wd6","_version":1,"createdAt":"2019-07-21T14:34:44.651Z","updatedAt":"2019-07-21T14:34:44.651Z"},{"_typeName":"Policy","id":"cjyd0wvep02l607023jrxdlx7","updatedAt":"2019-07-21T13:55:11.227Z","_version":1,"createdAt":"2019-07-21T13:55:11.227Z","resolver":"UPDATE_SECURITY_INFO"},{"_typeName":"Policy","id":"cjyd0wvev02la0702j3qag1ry","updatedAt":"2019-07-21T13:55:11.239Z","_version":1,"createdAt":"2019-07-21T13:55:11.239Z","resolver":"UPDATE_USER_PROFILE"},{"_typeName":"Policy","id":"cjyd0wvf602le0702ig1a24fl","updatedAt":"2019-07-21T13:55:11.249Z","_version":1,"createdAt":"2019-07-21T13:55:11.249Z","resolver":"RESET_USER_PWD"},{"_typeName":"Policy","id":"cjyd0wvfc02li0702u5v1vc7x","updatedAt":"2019-07-21T13:55:11.256Z","_version":1,"createdAt":"2019-07-21T13:55:11.256Z","resolver":"UPLOAD_USER_PROFILE_MEDIA"},{"_typeName":"Policy","id":"cjyd0wvfh02lm0702dq4vqliz","updatedAt":"2019-07-21T13:55:11.260Z","_version":1,"createdAt":"2019-07-21T13:55:11.260Z","resolver":"UPLOAD_PRODUCT_MEDIA"},{"_typeName":"Policy","id":"cjyd0wvfl02lq07023ts9wg9q","updatedAt":"2019-07-21T13:55:11.265Z","_version":1,"createdAt":"2019-07-21T13:55:11.265Z","resolver":"UPLOAD_SELLER_PROFILE_MEDIA"},{"_typeName":"Policy","id":"cjyd0wvfq02lu0702rlhnlwac","updatedAt":"2019-07-21T13:55:11.270Z","_version":1,"createdAt":"2019-07-21T13:55:11.270Z","resolver":"DELETE_RETAILER"},{"_typeName":"Policy","id":"cjyd0wvfu02ly0702au07mg7u","updatedAt":"2019-07-21T13:55:11.274Z","_version":1,"createdAt":"2019-07-21T13:55:11.274Z","resolver":"DELETE_MANUFACTURER"},{"_typeName":"Policy","id":"cjyd0wvfy02m207026e449aff","updatedAt":"2019-07-21T13:55:11.278Z","_version":1,"createdAt":"2019-07-21T13:55:11.278Z","resolver":"CREATE_RETAILER_APPROVAL_PROCESS"},{"_typeName":"Policy","id":"cjyd0wvg202m607026va7u7jr","updatedAt":"2019-07-21T13:55:11.282Z","_version":1,"createdAt":"2019-07-21T13:55:11.282Z","resolver":"CREATE_MANUFACTURER_APPROVAL_PROCESS"},{"_typeName":"Policy","id":"cjyd0wvg702ma0702gq2ms66j","updatedAt":"2019-07-21T13:55:11.287Z","_version":1,"createdAt":"2019-07-21T13:55:11.287Z","resolver":"CREATE_PRODUCT_APPROVAL_PROCESS"},{"_typeName":"Policy","id":"cjyd0wvgb02me0702nzdao7ck","updatedAt":"2019-07-21T13:55:11.291Z","_version":1,"createdAt":"2019-07-21T13:55:11.291Z","resolver":"DAPPROVE_RETAILER_REGISTRATION"},{"_typeName":"Policy","id":"cjyd0wvgf02mi0702oni00f8c","updatedAt":"2019-07-21T13:55:11.295Z","_version":1,"createdAt":"2019-07-21T13:55:11.295Z","resolver":"DIAPPROVE_MANUFACTURER_REGISTRATION"},{"_typeName":"Policy","id":"cjyd0wvgm02mm0702a0arjxs1","updatedAt":"2019-07-21T13:55:11.302Z","_version":1,"createdAt":"2019-07-21T13:55:11.302Z","resolver":"DAPPROVE_PRODUCT_REGISTRATION"},{"_typeName":"Policy","id":"cjyd0wvgq02mq0702fv6bdeq4","updatedAt":"2019-07-21T13:55:11.306Z","_version":1,"createdAt":"2019-07-21T13:55:11.306Z","resolver":"REGISTER_RETAILER"},{"_typeName":"Policy","id":"cjyd0wvgu02mu0702i09a30m1","updatedAt":"2019-07-21T13:55:11.310Z","_version":1,"createdAt":"2019-07-21T13:55:11.310Z","resolver":"UPDATE_RETAILER"},{"_typeName":"Policy","id":"cjyd0wvgz02my07026vo2vmc4","updatedAt":"2019-07-21T13:55:11.314Z","_version":1,"createdAt":"2019-07-21T13:55:11.314Z","resolver":"CREATE_RETAIL_PRODUCT"},{"_typeName":"Policy","id":"cjyd0wvh202n207027pzy9utv","updatedAt":"2019-07-21T13:55:11.318Z","_version":1,"createdAt":"2019-07-21T13:55:11.318Z","resolver":"UPDATE_RETAIL_PRODUCT"},{"_typeName":"Policy","id":"cjyd0wvh902n60702191eqye7","updatedAt":"2019-07-21T13:55:11.325Z","_version":1,"createdAt":"2019-07-21T13:55:11.325Z","resolver":"ONOFF_SELLABLE_RETAIL_PRODUCT"},{"_typeName":"Brand","id":"cjuse8deg01710914b43mxy0e","updatedAt":"2019-04-22T13:25:46.011Z","_version":1,"brandName":"OEM","createdAt":"2019-04-22T13:25:46.011Z"},{"_typeName":"ProductAttribute","id":"cjv307d3k05mb0815yu7yb3uw","name":"Main Material","updatedAt":"2019-04-29T23:38:32.335Z","_version":1,"createdAt":"2019-04-29T23:38:32.335Z"},{"_typeName":"ProductAttribute","id":"cjv307tsz05n10815ce4h820h","name":"Color","updatedAt":"2019-04-29T23:38:53.987Z","_version":1,"createdAt":"2019-04-29T23:38:53.987Z"},{"_typeName":"ProductAttribute","id":"cjv30884n05nq08156a558fz9","name":"Size","updatedAt":"2019-04-29T23:39:12.550Z","_version":1,"createdAt":"2019-04-29T23:39:12.550Z"},{"_typeName":"ProductAttributeValue","id":"cjv307d3q05mc0815l9c4ojzz","name":"wood","updatedAt":"2019-04-29T23:38:32.336Z","_version":1,"createdAt":"2019-04-29T23:38:32.336Z"},{"_typeName":"ProductAttributeValue","id":"cjv307d3z05md0815z2y0yf98","name":"cotton","updatedAt":"2019-04-29T23:38:32.336Z","_version":1,"createdAt":"2019-04-29T23:38:32.336Z"},{"_typeName":"ProductAttributeValue","id":"cjv307d4105me0815h6v1meyq","name":"leather","updatedAt":"2019-04-29T23:38:32.336Z","_version":1,"createdAt":"2019-04-29T23:38:32.336Z"},{"_typeName":"ProductAttributeValue","id":"cjv307d4405mf0815hwz6r4lr","name":"granite","updatedAt":"2019-04-29T23:38:32.336Z","_version":1,"createdAt":"2019-04-29T23:38:32.336Z"},{"_typeName":"ProductAttributeValue","id":"cjv307tt505n2081554f1uwpb","name":"red","updatedAt":"2019-04-29T23:38:53.987Z","_version":1,"createdAt":"2019-04-29T23:38:53.987Z"},{"_typeName":"ProductAttributeValue","id":"cjv307tt805n30815lbgk3efj","name":"green","updatedAt":"2019-04-29T23:38:53.987Z","_version":1,"createdAt":"2019-04-29T23:38:53.987Z"},{"_typeName":"ProductAttributeValue","id":"cjv307tta05n40815zs9dm48a","name":"blue","updatedAt":"2019-04-29T23:38:53.987Z","_version":1,"createdAt":"2019-04-29T23:38:53.987Z"},{"_typeName":"ProductAttributeValue","id":"cjv307ttg05n50815wkmkdtwj","name":"white","updatedAt":"2019-04-29T23:38:53.987Z","_version":1,"createdAt":"2019-04-29T23:38:53.987Z"},{"_typeName":"ProductAttributeValue","id":"cjv30884q05nr0815xc3sf2mp","name":"s","updatedAt":"2019-04-29T23:39:12.550Z","_version":1,"createdAt":"2019-04-29T23:39:12.550Z"},{"_typeName":"ProductAttributeValue","id":"cjv30884t05ns0815p7odwa4y","name":"m","updatedAt":"2019-04-29T23:39:12.550Z","_version":1,"createdAt":"2019-04-29T23:39:12.550Z"},{"_typeName":"ProductAttributeValue","id":"cjv30884w05nt0815dsbkj3nl","name":"l","updatedAt":"2019-04-29T23:39:12.550Z","_version":1,"createdAt":"2019-04-29T23:39:12.550Z"},{"_typeName":"ProductAttributeValue","id":"cjv30884z05nu08159jpanq8x","name":"x","updatedAt":"2019-04-29T23:39:12.550Z","_version":1,"createdAt":"2019-04-29T23:39:12.550Z"},{"_typeName":"Language","id":"cjxedbe2t002q08797urgrjcl","updatedAt":"2019-06-27T07:50:27.827Z","_version":1,"languageCode":"vi","createdAt":"2019-06-27T07:50:27.827Z"},{"_typeName":"Language","id":"cjxedbkf9003008795hmei49e","updatedAt":"2019-06-27T07:50:36.068Z","_version":1,"languageCode":"en","createdAt":"2019-06-27T07:50:36.068Z"},{"_typeName":"Trans_Catalog","id":"cjxedzz0200il0879bcs0aj13","name":"sản phẩm","updatedAt":"2019-06-27T08:09:34.702Z","_version":1,"createdAt":"2019-06-27T08:09:34.702Z"},{"_typeName":"Trans_Catalog","id":"cjxedzz0x00ir0879w8qwdm06","name":"phòng ốc","updatedAt":"2019-06-27T08:09:34.737Z","_version":1,"createdAt":"2019-06-27T08:09:34.737Z"},{"_typeName":"Trans_Catalog","id":"cjxedzz1m00ix0879wt8w3kye","name":"dịch vụ","updatedAt":"2019-06-27T08:09:34.761Z","_version":1,"createdAt":"2019-06-27T08:09:34.761Z"},{"_typeName":"Trans_Catalog","id":"cjxedzz2100j30879mssl0yx6","name":"giường & nệm","updatedAt":"2019-06-27T08:09:34.776Z","_version":1,"createdAt":"2019-06-27T08:09:34.776Z"},{"_typeName":"Trans_Catalog","id":"cjxedzz2m00j90879mjflwt35","name":"sản phẩm dệt may","updatedAt":"2019-06-27T08:09:34.797Z","_version":1,"createdAt":"2019-06-27T08:09:34.797Z"},{"_typeName":"Trans_Catalog","id":"cjxee3s9y00mk0879k3khm1ps","name":"products","updatedAt":"2019-06-27T08:12:32.614Z","_version":1,"createdAt":"2019-06-27T08:12:32.614Z"},{"_typeName":"Trans_Catalog","id":"cjxee599800n10879mbknhctf","name":"room","updatedAt":"2019-06-27T08:13:41.276Z","_version":1,"createdAt":"2019-06-27T08:13:41.276Z"},{"_typeName":"Trans_Catalog","id":"cjxee599k00n70879ida2wmj7","name":"services","updatedAt":"2019-06-27T08:13:41.288Z","_version":1,"createdAt":"2019-06-27T08:13:41.288Z"},{"_typeName":"Trans_Catalog","id":"cjxee599v00nd087956lqu5kd","name":"beds & mattresses","updatedAt":"2019-06-27T08:13:41.298Z","_version":1,"createdAt":"2019-06-27T08:13:41.298Z"},{"_typeName":"Trans_Catalog","id":"cjxee59a700nj0879vyw470k5","name":"textiles","updatedAt":"2019-06-27T08:13:41.311Z","_version":1,"createdAt":"2019-06-27T08:13:41.311Z"},{"_typeName":"Trans_Brand","id":"cjxev5s1m001g09798xjyvsbs","updatedAt":"2019-06-27T16:09:59.097Z","_version":1,"brandName":"Ô-EM","createdAt":"2019-06-27T16:09:59.097Z"},{"_typeName":"SupportStatus","id":"cjx5t67hw003b0989nryfgn8f","name":"RESOLVED","updatedAt":"2019-06-21T13:13:50.274Z","_version":1,"createdAt":"2019-06-21T08:04:24.265Z"},{"_typeName":"SupportStatus","id":"cjx5t6ctu003g0989g3mp6ukm","name":"OPEN","updatedAt":"2019-06-21T13:13:50.290Z","_version":1,"createdAt":"2019-06-21T08:04:31.218Z"},{"_typeName":"SupportStatus","id":"cjx5t6h3x003l09898iya99ll","name":"CLOSED","updatedAt":"2019-06-21T13:13:50.298Z","_version":1,"createdAt":"2019-06-21T08:04:36.765Z"},{"_typeName":"SupportStatus","id":"cjx67hxci00ig088993r7dh2c","name":"APPROVED","updatedAt":"2019-06-21T14:45:25.644Z","_version":1,"createdAt":"2019-06-21T14:45:25.644Z"},{"_typeName":"SupportStatus","id":"cjx67i2e300iq0889g1druip8","name":"DENIED","updatedAt":"2019-06-21T14:45:32.186Z","_version":1,"createdAt":"2019-06-21T14:45:32.186Z"},{"_typeName":"SupportCategory","id":"cjx5t7teg003q0989s2m983hi","name":"USER","updatedAt":"2019-06-21T10:42:25.639Z","_version":1,"createdAt":"2019-06-21T08:05:39.351Z"},{"_typeName":"SupportCategory","id":"cjx5t7y5u003v09894hs0mu91","name":"RETAILER","updatedAt":"2019-06-21T10:42:25.633Z","_version":1,"createdAt":"2019-06-21T08:05:45.522Z"},{"_typeName":"SupportCategory","id":"cjx5t9ksl004109899dygza5k","name":"CREATE_RETAILER_APPROVAL","updatedAt":"2019-06-21T10:42:25.590Z","_version":1,"createdAt":"2019-06-21T08:07:01.509Z","parentId":"cjx5t7y5u003v09894hs0mu91"},{"_typeName":"SupportCategory","id":"cjx5t9pr4004709898tq7exov","name":"UPDATE_RETAILER_APPROVAL","updatedAt":"2019-06-21T10:42:25.623Z","_version":1,"createdAt":"2019-06-21T08:07:07.935Z","parentId":"cjx5t7y5u003v09894hs0mu91"},{"_typeName":"SupportCategory","id":"cjx5tccr6004q09893frm4udf","name":"PRODUCT","updatedAt":"2019-06-21T10:42:25.658Z","_version":1,"createdAt":"2019-06-21T08:09:11.058Z"},{"_typeName":"SupportCategory","id":"cjx5tel5i005m0989gnr0pvil","name":"CREATE_PRODUCT_APPROVAL","updatedAt":"2019-06-21T10:42:25.678Z","_version":1,"createdAt":"2019-06-21T08:10:55.254Z","parentId":"cjx5tccr6004q09893frm4udf"},{"_typeName":"SupportCategory","id":"cjx5tethx005r0989x1d25nif","name":"UPDATE_PRODUCT_APPROVAL","updatedAt":"2019-06-21T10:42:25.707Z","_version":1,"createdAt":"2019-06-21T08:11:06.068Z","parentId":"cjx5tccr6004q09893frm4udf"},{"_typeName":"Catalog","id":"cjxedek8l00400879hu7m2ikq","name":"ROOT","updatedAt":"2019-06-27T07:52:55.797Z","_version":1,"createdAt":"2019-06-27T07:52:55.797Z"},{"_typeName":"Catalog","id":"cjxedf2ch004d0879gybqt1r9","name":"products","updatedAt":"2019-06-27T07:53:19.264Z","_version":1,"createdAt":"2019-06-27T07:53:19.264Z"},{"_typeName":"Catalog","id":"cjxedf2co004h08795vuv7qwz","name":"room","updatedAt":"2019-06-27T07:53:19.272Z","_version":1,"createdAt":"2019-06-27T07:53:19.272Z"},{"_typeName":"Catalog","id":"cjxedf2cv004l08795livpuui","name":"services","updatedAt":"2019-06-27T07:53:19.279Z","_version":1,"createdAt":"2019-06-27T07:53:19.279Z"},{"_typeName":"Catalog","id":"cjxedfu0z00500879fy6u62ka","name":"beds & mattresses","updatedAt":"2019-06-27T07:53:55.138Z","_version":1,"createdAt":"2019-06-27T07:53:55.138Z"},{"_typeName":"Catalog","id":"cjxedg101005a0879hmp0c5e9","name":"textiles","updatedAt":"2019-06-27T07:54:04.177Z","_version":1,"createdAt":"2019-06-27T07:54:04.177Z"},{"_typeName":"Catalog","id":"cjxedg7hx005k0879clrvhubu","name":"furniture","updatedAt":"2019-06-27T07:54:12.597Z","_version":1,"createdAt":"2019-06-27T07:54:12.597Z"},{"_typeName":"Catalog","id":"cjxedj66m006o0879mv0rntrf","name":"storage & organisation","updatedAt":"2019-06-27T07:56:30.861Z","_version":1,"createdAt":"2019-06-27T07:56:30.861Z"},{"_typeName":"Catalog","id":"cjxedj66s006s0879nn2aso5t","name":"baby & children","updatedAt":"2019-06-27T07:56:30.868Z","_version":1,"createdAt":"2019-06-27T07:56:30.868Z"},{"_typeName":"Catalog","id":"cjxedj66y006w0879rxivn65j","name":"kitchen & appliances","updatedAt":"2019-06-27T07:56:30.874Z","_version":1,"createdAt":"2019-06-27T07:56:30.874Z"},{"_typeName":"Catalog","id":"cjxedj67300700879tw1p8psq","name":"kitchenware & tableware","updatedAt":"2019-06-27T07:56:30.879Z","_version":1,"createdAt":"2019-06-27T07:56:30.879Z"},{"_typeName":"Catalog","id":"cjxedj67900740879yn68rfvd","name":"bathroom products","updatedAt":"2019-06-27T07:56:30.885Z","_version":1,"createdAt":"2019-06-27T07:56:30.885Z"},{"_typeName":"Catalog","id":"cjxedj67e00780879qpz9rvc7","name":"laundry & cleaning","updatedAt":"2019-06-27T07:56:30.890Z","_version":1,"createdAt":"2019-06-27T07:56:30.890Z"},{"_typeName":"Catalog","id":"cjxedj67k007c0879hp8x767t","name":"outdoor products","updatedAt":"2019-06-27T07:56:30.895Z","_version":1,"createdAt":"2019-06-27T07:56:30.895Z"},{"_typeName":"Catalog","id":"cjxedj67p007g08795kqcg4vf","name":"rugs, mats & flooring","updatedAt":"2019-06-27T07:56:30.901Z","_version":1,"createdAt":"2019-06-27T07:56:30.901Z"},{"_typeName":"Catalog","id":"cjxedj67u007k0879bd2si0ua","name":"decoration","updatedAt":"2019-06-27T07:56:30.906Z","_version":1,"createdAt":"2019-06-27T07:56:30.906Z"},{"_typeName":"Catalog","id":"cjxedj681007o08797gyrxg7j","name":"pots & plants","updatedAt":"2019-06-27T07:56:30.912Z","_version":1,"createdAt":"2019-06-27T07:56:30.912Z"},{"_typeName":"Catalog","id":"cjxedj686007s0879tc1a4ems","name":"lighting","updatedAt":"2019-06-27T07:56:30.918Z","_version":1,"createdAt":"2019-06-27T07:56:30.918Z"},{"_typeName":"Catalog","id":"cjxedj68c007w0879eu5n7l1y","name":"home electronics","updatedAt":"2019-06-27T07:56:30.924Z","_version":1,"createdAt":"2019-06-27T07:56:30.924Z"},{"_typeName":"Catalog","id":"cjxedj68i0080087951lmg568","name":"home improvement","updatedAt":"2019-06-27T07:56:30.929Z","_version":1,"createdAt":"2019-06-27T07:56:30.929Z"},{"_typeName":"Catalog","id":"cjxedj68n00840879gqou21qr","name":"safety products","updatedAt":"2019-06-27T07:56:30.935Z","_version":1,"createdAt":"2019-06-27T07:56:30.935Z"},{"_typeName":"Catalog","id":"cjxedj68w00880879mbh3s4r2","name":"leisure & travel","updatedAt":"2019-06-27T07:56:30.943Z","_version":1,"createdAt":"2019-06-27T07:56:30.943Z"},{"_typeName":"Catalog","id":"cjxedj692008c0879di0ao0jh","name":"food & beverages","updatedAt":"2019-06-27T07:56:30.949Z","_version":1,"createdAt":"2019-06-27T07:56:30.949Z"},{"_typeName":"Catalog","id":"cjxedp3ih00c00879wqf9bz2d","name":"bathroom","updatedAt":"2019-06-27T08:01:07.337Z","_version":1,"createdAt":"2019-06-27T08:01:07.337Z"},{"_typeName":"Catalog","id":"cjxedqaug00cn0879kwbnclnu","name":"bedroom","updatedAt":"2019-06-27T08:02:03.495Z","_version":1,"createdAt":"2019-06-27T08:02:03.495Z"},{"_typeName":"Catalog","id":"cjxedqaun00cr0879r20gplfg","name":"children's room","updatedAt":"2019-06-27T08:02:03.503Z","_version":1,"createdAt":"2019-06-27T08:02:03.503Z"},{"_typeName":"Catalog","id":"cjxedqaus00cv0879jt3nkgdp","name":"dining","updatedAt":"2019-06-27T08:02:03.508Z","_version":1,"createdAt":"2019-06-27T08:02:03.508Z"},{"_typeName":"Catalog","id":"cjxedqav000cz0879k95xojhb","name":"garden & balcony","updatedAt":"2019-06-27T08:02:03.513Z","_version":1,"createdAt":"2019-06-27T08:02:03.513Z"},{"_typeName":"Catalog","id":"cjxedqav400d30879f31o63q0","name":"hallway","updatedAt":"2019-06-27T08:02:03.520Z","_version":1,"createdAt":"2019-06-27T08:02:03.520Z"},{"_typeName":"Catalog","id":"cjxedqav900d70879jpr8bp0q","name":"home office","updatedAt":"2019-06-27T08:02:03.524Z","_version":1,"createdAt":"2019-06-27T08:02:03.524Z"},{"_typeName":"Catalog","id":"cjxedqave00db0879cr97aw84","name":"kitchen","updatedAt":"2019-06-27T08:02:03.530Z","_version":1,"createdAt":"2019-06-27T08:02:03.530Z"},{"_typeName":"Catalog","id":"cjxedqavj00df087942p4m8bf","name":"living room","updatedAt":"2019-06-27T08:02:03.535Z","_version":1,"createdAt":"2019-06-27T08:02:03.535Z"},{"_typeName":"Catalog","id":"cjxedukdi00fv0879cfghacc5","name":"maid & cleaning services","updatedAt":"2019-06-27T08:05:55.310Z","_version":1,"createdAt":"2019-06-27T08:05:22.460Z"},{"_typeName":"Catalog","id":"cjxedukdo00fz0879xhafftqo","name":"decoration services","updatedAt":"2019-06-27T08:05:55.320Z","_version":1,"createdAt":"2019-06-27T08:05:22.476Z"},{"_typeName":"Catalog","id":"cjxedukds00g30879akb0ozfx","name":"movement & relocation services","updatedAt":"2019-06-27T08:06:27.823Z","_version":1,"createdAt":"2019-06-27T08:05:22.480Z"},{"_typeName":"Permission","id":"cjuqslw8v01kq0806tryrk42q","updatedAt":"2019-07-21T13:48:20.943Z","priority":1,"_version":1,"createdAt":"2019-04-21T10:32:39.294Z","type":"ONOFF_USER"},{"_typeName":"Permission","id":"cjuqslztq01kx080683ucwp5w","updatedAt":"2019-06-21T08:27:49.373Z","priority":1,"_version":1,"createdAt":"2019-04-21T10:32:43.933Z","type":"UPDATE_USER"},{"_typeName":"Permission","id":"cjuqsm6ya01lb0806dv1zz1hr","updatedAt":"2019-06-21T08:27:49.393Z","priority":1,"_version":1,"createdAt":"2019-04-21T10:32:53.170Z","type":"DELETE_USER"},{"_typeName":"Permission","id":"cjx5u0pmm00dv0989j7l86ho5","updatedAt":"2019-06-21T09:00:31.552Z","priority":1,"_version":1,"createdAt":"2019-06-21T08:28:07.486Z","type":"CREATE_USER"},{"_typeName":"Permission","id":"cjx5v6do900e909890uzsm3n2","updatedAt":"2019-06-21T09:01:27.710Z","priority":1,"_version":1,"createdAt":"2019-06-21T09:00:31.545Z","type":"READ_USER"},{"_typeName":"Permission","id":"cjx5v7l0700ew0989tgymzcim","updatedAt":"2019-06-21T09:04:09.673Z","priority":1,"_version":1,"createdAt":"2019-06-21T09:01:27.703Z","type":"CREATE_RETAILER"},{"_typeName":"Permission","id":"cjx5vb1zy00fk0989ka62y1b4","updatedAt":"2019-06-21T09:04:09.694Z","priority":1,"_version":1,"createdAt":"2019-06-21T09:04:09.694Z","type":"UPDATE_RETAILER"},{"_typeName":"Permission","id":"cjx5vb20300fo0989vnvkoewu","updatedAt":"2019-06-21T09:04:09.699Z","priority":1,"_version":1,"createdAt":"2019-06-21T09:04:09.699Z","type":"DELETE_RETAILER"},{"_typeName":"Permission","id":"cjx5vb20700fs0989uovynboa","updatedAt":"2019-06-21T09:04:09.703Z","priority":1,"_version":1,"createdAt":"2019-06-21T09:04:09.703Z","type":"READ_RETAILER"},{"_typeName":"Permission","id":"cjx5vb20d00fw0989qtnom3a1","updatedAt":"2019-07-21T13:48:20.922Z","priority":1,"_version":1,"createdAt":"2019-06-21T09:04:09.708Z","type":"DAPPROVE_RETAILER"},{"_typeName":"Permission","id":"cjx5vb20i00g009896pcv85at","updatedAt":"2019-07-21T13:48:20.938Z","priority":1,"_version":1,"createdAt":"2019-06-21T09:04:09.713Z","type":"ONOFF_RETAILER"},{"_typeName":"Permission","id":"cjx5vdbsr00gl0989cbn40cdl","updatedAt":"2019-06-21T09:05:55.706Z","priority":1,"_version":1,"createdAt":"2019-06-21T09:05:55.706Z","type":"CREATE_PRODUCT"},{"_typeName":"Permission","id":"cjx5vdbsx00gp0989ruaz0n1p","updatedAt":"2019-06-21T09:05:55.713Z","priority":1,"_version":1,"createdAt":"2019-06-21T09:05:55.713Z","type":"UPDATE_PRODUCT"},{"_typeName":"Permission","id":"cjx5vdbt200gt0989bkeoyeys","updatedAt":"2019-06-21T09:05:55.718Z","priority":1,"_version":1,"createdAt":"2019-06-21T09:05:55.718Z","type":"DELETE_PRODUCT"},{"_typeName":"Permission","id":"cjx5vdbt700gx09892ifyfcuf","updatedAt":"2019-07-21T13:48:20.933Z","priority":1,"_version":1,"createdAt":"2019-06-21T09:05:55.722Z","type":"ONOFF_PRODUCT"},{"_typeName":"Permission","id":"cjx5vdbtb00h10989ygazfgv2","updatedAt":"2019-07-21T13:48:20.927Z","priority":1,"_version":1,"createdAt":"2019-06-21T09:05:55.727Z","type":"DAPPROVE_PRODUCT"},{"_typeName":"Permission","id":"cjx5vdbtj00h509896cw3u8uh","updatedAt":"2019-06-21T09:05:55.734Z","priority":1,"_version":1,"createdAt":"2019-06-21T09:05:55.734Z","type":"READ_PRODUCT"},{"_typeName":"Permission","id":"cjx5wxmg600kv0989lswwy25p","updatedAt":"2019-06-21T09:49:42.245Z","priority":1,"_version":1,"createdAt":"2019-06-21T09:49:42.245Z","type":"CREATE_SPCASE"},{"_typeName":"Permission","id":"cjx5wxmi000kz0989p07jhqpl","updatedAt":"2019-06-21T09:49:42.312Z","priority":1,"_version":1,"createdAt":"2019-06-21T09:49:42.312Z","type":"UPDATE_SPCASE"},{"_typeName":"Permission","id":"cjx5wxmif00l30989p4xuimj6","updatedAt":"2019-06-21T09:49:42.327Z","priority":1,"_version":1,"createdAt":"2019-06-21T09:49:42.327Z","type":"DELETE_SPCASE"},{"_typeName":"Permission","id":"cjx5wxmik00l70989sfp71ddz","updatedAt":"2019-06-21T09:49:42.332Z","priority":1,"_version":1,"createdAt":"2019-06-21T09:49:42.332Z","type":"CLOSE_SPCASE"},{"_typeName":"Permission","id":"cjx5wxmj000lb0989n0hucuu1","updatedAt":"2019-06-21T09:49:42.348Z","priority":1,"_version":1,"createdAt":"2019-06-21T09:49:42.348Z","type":"OPEN_SPCASE"},{"_typeName":"Permission","id":"cjx5wxml200lf09897ygxj0eu","updatedAt":"2019-06-21T09:49:42.421Z","priority":1,"_version":1,"createdAt":"2019-06-21T09:49:42.421Z","type":"READ_SPCASE"},{"_typeName":"Permission","id":"cjx5wxmlt00lj0989j1w6hpx9","updatedAt":"2019-06-21T09:49:42.449Z","priority":1,"_version":1,"createdAt":"2019-06-21T09:49:42.449Z","type":"CREATE_CORESPONSEDENCE"},{"_typeName":"Permission","id":"cjx5wxmmk00ln09893bq8t3lj","updatedAt":"2019-06-21T09:49:42.476Z","priority":1,"_version":1,"createdAt":"2019-06-21T09:49:42.476Z","type":"UPDATE_CORESPONSEDENCE"},{"_typeName":"Permission","id":"cjx5wxmmy00lr0989fm2u5hyw","updatedAt":"2019-06-21T09:49:42.490Z","priority":1,"_version":1,"createdAt":"2019-06-21T09:49:42.490Z","type":"DELETE_CORESPONSEDENCE"},{"_typeName":"Permission","id":"cjx5wxmnm00lz0989atvi9i78","updatedAt":"2019-06-21T09:49:42.514Z","priority":1,"_version":1,"createdAt":"2019-06-21T09:49:42.514Z","type":"READ_CORESPONSEDENCE"},{"_typeName":"Permission","id":"cjyd06pqi02et0702wuwdgkxa","updatedAt":"2019-07-21T13:34:50.805Z","priority":1,"_version":1,"createdAt":"2019-07-21T13:34:50.805Z","type":"RESET_USER_PWD"},{"_typeName":"Permission","id":"cjyd0o2s702gk0702gi5sp042","updatedAt":"2019-07-21T13:48:20.886Z","priority":1,"_version":1,"createdAt":"2019-07-21T13:48:20.886Z","type":"CREATE_MANUFACTURER"},{"_typeName":"Permission","id":"cjyd0o2sj02go0702r0wc3pb4","updatedAt":"2019-07-21T13:48:20.899Z","priority":1,"_version":1,"createdAt":"2019-07-21T13:48:20.899Z","type":"UPDATE_MANUFACTURER"},{"_typeName":"Permission","id":"cjyd0o2sp02gs07029onk5hx8","updatedAt":"2019-07-21T13:48:20.905Z","priority":1,"_version":1,"createdAt":"2019-07-21T13:48:20.905Z","type":"DELETE_MANUFACTURER"},{"_typeName":"Permission","id":"cjyd0o2sv02gw07026xuzdk86","updatedAt":"2019-07-21T13:48:20.911Z","priority":1,"_version":1,"createdAt":"2019-07-21T13:48:20.911Z","type":"READ_MANUFACTURER"},{"_typeName":"Permission","id":"cjyd0o2t102h00702n9fa2slx","updatedAt":"2019-07-21T13:48:20.916Z","priority":1,"_version":1,"createdAt":"2019-07-21T13:48:20.916Z","type":"DAPPROVE_MANUFACTURER"},{"_typeName":"Permission","id":"cjyd0oo7x02i207022014sg79","updatedAt":"2019-07-21T13:48:48.669Z","priority":1,"_version":1,"createdAt":"2019-07-21T13:48:48.669Z","type":"RETAILER_OWNER"},{"_typeName":"Permission","id":"cjyd0oo8702i60702j6xyj9k6","updatedAt":"2019-07-21T13:48:48.679Z","priority":1,"_version":1,"createdAt":"2019-07-21T13:48:48.679Z","type":"MANUFACTURER_OWNER"},{"_typeName":"Permission","id":"cjyd0oo8b02ia0702ia5rsk48","updatedAt":"2019-07-21T13:48:48.683Z","priority":1,"_version":1,"createdAt":"2019-07-21T13:48:48.683Z","type":"PRODUCT_OWNER"},{"_typeName":"Permission","id":"cjyd0qolz02ip0702tkt3aw7k","updatedAt":"2019-07-21T13:50:22.487Z","priority":1,"_version":1,"createdAt":"2019-07-21T13:50:22.487Z","type":"UPLOAD_MEDIA"},{"_typeName":"Permission","id":"cjyd10esm02om0702gpt4ctl9","updatedAt":"2019-07-21T13:57:56.325Z","priority":1,"_version":1,"createdAt":"2019-07-21T13:57:56.325Z","type":"OWNER"},{"_typeName":"Permission","id":"cjyd1q32o02ze0702q5c9dliq","updatedAt":"2019-07-21T14:17:54.192Z","priority":1,"_version":1,"createdAt":"2019-07-21T14:17:54.192Z","type":"ONOFF_MANUFACTURER"},{"_typeName":"User","id":"cjyd24brm034p0702c6c5egzk","name":"root","updatedAt":"2019-07-21T14:28:58.640Z","_version":1,"email":"root@root.com","enabled":true,"profile":"root","createdAt":"2019-07-21T14:28:58.640Z","recoverable":true,"phone":"000000","password":"$2a$12$Ec6xzrd6D4oqx3dVBoEvj.cVcUkDs.T5yI0jjPgUiIhLCY5eMRElq"},{"_typeName":"User","id":"cjyd266b9035r07023cnlgq0y","name":"staff","updatedAt":"2019-07-21T14:30:24.884Z","_version":1,"email":"staff@staff.com","enabled":true,"profile":"staff","createdAt":"2019-07-21T14:30:24.884Z","recoverable":false,"phone":"111111","password":"$2a$12$Ec6xzrd6D4oqx3dVBoEvj.cVcUkDs.T5yI0jjPgUiIhLCY5eMRElq"},{"_typeName":"User","id":"cjyd28454036h0702vkx2j7a7","name":"retailer","updatedAt":"2019-07-21T14:31:55.383Z","_version":1,"email":"retailer@retailer.com","enabled":true,"profile":"retailer","createdAt":"2019-07-21T14:31:55.383Z","recoverable":false,"phone":"222222","password":"$2a$12$Ec6xzrd6D4oqx3dVBoEvj.cVcUkDs.T5yI0jjPgUiIhLCY5eMRElq"},{"_typeName":"User","id":"cjyd2bqqz03850702cithoke0","name":"user","updatedAt":"2019-07-21T14:34:44.650Z","_version":1,"email":"user@user.com","enabled":true,"profile":"user","createdAt":"2019-07-21T14:34:44.650Z","recoverable":false,"phone":"333333","password":"$2a$12$Ec6xzrd6D4oqx3dVBoEvj.cVcUkDs.T5yI0jjPgUiIhLCY5eMRElq"},{"_typeName":"Retailer","id":"cjyd25es2035e0702u1j5v727","businessPhone":"000000","updatedAt":"2019-07-21T14:29:49.200Z","_version":1,"enabled":true,"socialNumber":"000000","businessLink":"root","businessName":"root","createdAt":"2019-07-21T14:29:49.200Z","businessLicense":"000000","businessEmail":"root@root.com"},{"_typeName":"Retailer","id":"cjyd28sxt036y070214yrpgej","businessPhone":"222222","updatedAt":"2019-07-21T14:32:27.519Z","_version":1,"enabled":true,"socialNumber":"222222","businessLink":"retailer","businessName":"retailer","createdAt":"2019-07-21T14:32:27.519Z","businessLicense":"222222","businessEmail":"retailer@retailer.com"},{"_typeName":"Retailer","id":"cjyd2azwn037o0702m73223cn","businessPhone":"222222","updatedAt":"2019-07-21T14:34:09.861Z","_version":1,"enabled":false,"socialNumber":"222222","businessLink":"notRetailer","businessName":"notRetailer","createdAt":"2019-07-21T14:34:09.861Z","businessLicense":"222222","businessEmail":"retailer@retailer.com"},{"_typeName":"Role","id":"cjyd1hr1m02u00702qmsqrxsq","name":"USER","updatedAt":"2019-07-21T14:11:25.354Z","_version":1,"createdAt":"2019-07-21T14:11:25.354Z","type":"USER"},{"_typeName":"Role","id":"cjyd1i7nq02ua0702mjzivvl1","name":"RETAILER_OWNER","updatedAt":"2019-07-21T14:11:46.886Z","_version":1,"createdAt":"2019-07-21T14:11:46.886Z","type":"RETAILER_OWNER"},{"_typeName":"Role","id":"cjyd1ihj802uk0702wbm0ldq3","name":"MANUFACTURER_OWNER","updatedAt":"2019-07-21T14:11:59.683Z","_version":1,"createdAt":"2019-07-21T14:11:59.683Z","type":"MANUFACTURER_OWNER"},{"_typeName":"Role","id":"cjyd1inum02uu0702z6huckea","name":"PRODUCT_OWNER","updatedAt":"2019-07-21T14:12:07.870Z","_version":1,"createdAt":"2019-07-21T14:12:07.870Z","type":"PRODUCT_OWNER"},{"_typeName":"Role","id":"cjyd1iz9q02ve07029ikubb77","name":"MEDIA","updatedAt":"2019-07-21T14:12:22.669Z","_version":1,"createdAt":"2019-07-21T14:12:22.669Z","type":"MEDIA"},{"_typeName":"Role","id":"cjyd1mtfz02x80702o28lv38k","name":"SUPPORT","updatedAt":"2019-07-21T14:15:21.742Z","_version":1,"createdAt":"2019-07-21T14:15:21.742Z","type":"SUPPORT"},{"_typeName":"Role","id":"cjyd1nr2e02xr07024y8ap8kt","name":"STAFF_USER","updatedAt":"2019-07-21T14:16:05.317Z","_version":1,"createdAt":"2019-07-21T14:16:05.317Z","type":"STAFF_USER"},{"_typeName":"Role","id":"cjyd1oh0b02yj07020ewrjfvx","name":"STAFF_RETAILER","updatedAt":"2019-07-21T14:16:38.938Z","_version":1,"createdAt":"2019-07-21T14:16:38.938Z","type":"STAFF_RETAILER"},{"_typeName":"Role","id":"cjyd1p6i102z207025k48ocr7","name":"STAFF_MANUFACTURER","updatedAt":"2019-07-21T14:17:11.976Z","_version":1,"createdAt":"2019-07-21T14:17:11.976Z","type":"STAFF_MANUFACTURER"},{"_typeName":"SupportSeverity","id":"cjx5y7izt00ql09890tvifgwb","name":"LOW","updatedAt":"2019-06-21T13:10:54.459Z","_version":1,"createdAt":"2019-06-21T10:25:23.944Z"},{"_typeName":"SupportSeverity","id":"cjx5y7u9o00qw098993auj14w","name":"MEDIUM","updatedAt":"2019-06-21T13:10:54.475Z","_version":1,"createdAt":"2019-06-21T10:25:38.555Z"},{"_typeName":"SupportSeverity","id":"cjx5y7uac00r00989m32cos7s","name":"HIGH","updatedAt":"2019-06-21T13:10:54.483Z","_version":1,"createdAt":"2019-06-21T10:25:38.580Z"}]}