{"valueType":"nodes","values":[{"_typeName":"SecurityQuestion","id":"cjsfy31e502mp0704i38pasnk","question":"What school did you attend for 6th grade?","updatedAt":"2019-02-22T11:01:04.589Z","_version":1,"createdAt":"2019-02-22T11:01:04.589Z"},{"_typeName":"SecurityQuestion","id":"cjsfy3dmz02n10704c6ifw2vr","question":"What country have you always dreamt of vacationing in?","updatedAt":"2019-02-22T11:01:20.458Z","_version":1,"createdAt":"2019-02-22T11:01:20.458Z"},{"_typeName":"SecurityQuestion","id":"cjsfy3ks502nb0704on8wiffq","question":"What was the last name of your favorite elementary school teacher?","updatedAt":"2019-02-22T11:01:29.717Z","_version":1,"createdAt":"2019-02-22T11:01:29.717Z"},{"_typeName":"SecurityQuestion","id":"cjsfy3r7u02nk0704ykn33y42","question":"What was the first album/CD you purchased?","updatedAt":"2019-02-22T11:01:38.058Z","_version":1,"createdAt":"2019-02-22T11:01:38.058Z"},{"_typeName":"SecurityQuestion","id":"cjsfy3xia02nt070471z4b9mr","question":"In what city did you meet your spouse/significant other?","updatedAt":"2019-02-22T11:01:46.210Z","_version":1,"createdAt":"2019-02-22T11:01:46.210Z"},{"_typeName":"SecurityQuestion","id":"cjsfy45c702o30704lsb8mkar","question":"What is the name of your favorite childhood friend?","updatedAt":"2019-02-22T11:01:56.358Z","_version":1,"createdAt":"2019-02-22T11:01:56.358Z"},{"_typeName":"SecurityQuestion","id":"cjsfy4a1n02ob070442vqhtll","question":"Who was your favorite singer/band in high school?","updatedAt":"2019-02-22T11:02:02.458Z","_version":1,"createdAt":"2019-02-22T11:02:02.458Z"},{"_typeName":"SecurityQuestion","id":"cjsfy4eur02oj0704mxpzb1l8","question":"What is the first movie you saw in in thearters?","updatedAt":"2019-02-22T11:02:08.691Z","_version":1,"createdAt":"2019-02-22T11:02:08.691Z"},{"_typeName":"SecurityQuestion","id":"cjsfy4j8202oq0704j9msbtgl","question":"What is your favorite candy/dessert?","updatedAt":"2019-02-22T11:02:14.354Z","_version":1,"createdAt":"2019-02-22T11:02:14.354Z"},{"_typeName":"SecurityQuestion","id":"cjsfy4om302oz0704rpbkz3ha","question":"What is your favorite pastime?","updatedAt":"2019-02-22T11:02:21.339Z","_version":1,"createdAt":"2019-02-22T11:02:21.339Z"},{"_typeName":"SecurityQuestion","id":"cjsfy4tck02p70704to9w5nwr","question":"What is your favorite sport?","updatedAt":"2019-02-22T11:02:27.475Z","_version":1,"createdAt":"2019-02-22T11:02:27.475Z"},{"_typeName":"SecurityQuestion","id":"cjsfy51xy02ph0704g2cxlw8t","question":"What are last 5 digits of your social securiy number?","updatedAt":"2019-02-22T11:02:38.613Z","_version":1,"createdAt":"2019-02-22T11:02:38.613Z"},{"_typeName":"SecurityQuestion","id":"cjsfy56hd02pp0704ffywixpo","question":"Where is your favorite vacation spot?","updatedAt":"2019-02-22T11:02:44.496Z","_version":1,"createdAt":"2019-02-22T11:02:44.496Z"},{"_typeName":"SecurityQuestion","id":"cjsfy5c9j02py0704o8rdxsau","question":"To what city did you go the first time you flew on an airplane?","updatedAt":"2019-02-22T11:02:51.991Z","_version":1,"createdAt":"2019-02-22T11:02:51.991Z"},{"_typeName":"SecurityQuestion","id":"cjsfy5her02q607043bu57tir","question":"What was the first concert you attended?","updatedAt":"2019-02-22T11:02:58.659Z","_version":1,"createdAt":"2019-02-22T11:02:58.659Z"},{"_typeName":"SecurityQuestion","id":"cjsfy5lts02qe07048qo6i2lg","question":"What is your favorite food?","updatedAt":"2019-02-22T11:03:04.384Z","_version":1,"createdAt":"2019-02-22T11:03:04.384Z"},{"_typeName":"SecurityQuestion","id":"cjsfy5q6502ql07048duvkr04","question":"Who was your childhood hero?","updatedAt":"2019-02-22T11:03:10.013Z","_version":1,"createdAt":"2019-02-22T11:03:10.013Z"},{"_typeName":"SecurityQuestion","id":"cjsfy5v9102qu0704i3uexf37","question":"What is your favorite movie character?","updatedAt":"2019-02-22T11:03:16.597Z","_version":1,"createdAt":"2019-02-22T11:03:16.597Z"},{"_typeName":"SecurityAnswer","id":"cjx8wmgyh00c90a899k2ilg9w","updatedAt":"2019-06-23T12:04:59.769Z","_version":1,"createdAt":"2019-06-23T12:04:20.436Z","answer":"Westlife"},{"_typeName":"SecurityAnswer","id":"cjx8wmqec00cn0a89du7chlbb","updatedAt":"2019-06-23T12:05:36.584Z","_version":1,"createdAt":"2019-06-23T12:04:32.672Z","answer":"Three musketeers"},{"_typeName":"SecurityAnswer","id":"cjx8wmwa400d10a89rphmp2t3","updatedAt":"2019-06-23T12:06:09.331Z","_version":1,"createdAt":"2019-06-23T12:04:40.297Z","answer":"Chocolate"},{"_typeName":"Assignment","id":"cjx8wh6ob00b20a891z5iczxp","_version":1,"createdAt":"2019-06-23T12:00:13.824Z","updatedAt":"2019-06-23T12:00:13.824Z"},{"_typeName":"Assignment","id":"cjx8wv3xe00fy0a89lfopbvi4","_version":1,"createdAt":"2019-06-23T12:11:03.456Z","updatedAt":"2019-06-23T12:11:03.456Z"},{"_typeName":"Assignment","id":"cjx8x00t200h70a89h1yju3nx","_version":1,"createdAt":"2019-06-23T12:14:52.691Z","updatedAt":"2019-06-23T12:14:52.691Z"},{"_typeName":"Assignment","id":"cjx8xbr0f00jx0a896ldr4zuo","_version":1,"createdAt":"2019-06-23T12:23:59.867Z","updatedAt":"2019-06-23T12:23:59.867Z"},{"_typeName":"Policy","id":"cjy07rgce006c0740jqr0ottp","updatedAt":"2019-07-12T14:45:55.438Z","_version":1,"description":"USER","createdAt":"2019-07-12T14:45:55.438Z","resolver":"USER"},{"_typeName":"Policy","id":"cjy07rgd9006g0740mzd70a7u","updatedAt":"2019-07-12T14:45:55.485Z","_version":1,"description":"PRODUCT_RETAILER","createdAt":"2019-07-12T14:45:55.485Z","resolver":"PRODUCT_RETAILER"},{"_typeName":"Policy","id":"cjy07rgdf006k0740axusbbf2","updatedAt":"2019-07-12T14:45:55.491Z","_version":1,"description":"RETAILER","createdAt":"2019-07-12T14:45:55.491Z","resolver":"RETAILER"},{"_typeName":"Policy","id":"cjy07rgdk006o0740u0tfknvn","updatedAt":"2019-07-12T14:45:55.496Z","_version":1,"description":"STAFF","createdAt":"2019-07-12T14:45:55.496Z","resolver":"STAFF"},{"_typeName":"Policy","id":"cjy07rgdp006s0740lcorw5h7","updatedAt":"2019-07-12T14:45:55.501Z","_version":1,"description":"MEDIA_USER","createdAt":"2019-07-12T14:45:55.501Z","resolver":"MEDIA_USER"},{"_typeName":"Policy","id":"cjy07rgdv006w0740r7ilpasj","updatedAt":"2019-07-12T14:45:55.506Z","_version":1,"description":"MEDIA_RETAILER","createdAt":"2019-07-12T14:45:55.506Z","resolver":"MEDIA_RETAILER"},{"_typeName":"Brand","id":"cjuse8deg01710914b43mxy0e","updatedAt":"2019-04-22T13:25:46.011Z","_version":1,"brandName":"OEM","createdAt":"2019-04-22T13:25:46.011Z"},{"_typeName":"ProductAttribute","id":"cjv307d3k05mb0815yu7yb3uw","name":"Main Material","updatedAt":"2019-04-29T23:38:32.335Z","_version":1,"createdAt":"2019-04-29T23:38:32.335Z"},{"_typeName":"ProductAttribute","id":"cjv307tsz05n10815ce4h820h","name":"Color","updatedAt":"2019-04-29T23:38:53.987Z","_version":1,"createdAt":"2019-04-29T23:38:53.987Z"},{"_typeName":"ProductAttribute","id":"cjv30884n05nq08156a558fz9","name":"Size","updatedAt":"2019-04-29T23:39:12.550Z","_version":1,"createdAt":"2019-04-29T23:39:12.550Z"},{"_typeName":"ProductAttributeValue","id":"cjv307d3q05mc0815l9c4ojzz","name":"wood","updatedAt":"2019-04-29T23:38:32.336Z","_version":1,"createdAt":"2019-04-29T23:38:32.336Z"},{"_typeName":"ProductAttributeValue","id":"cjv307d3z05md0815z2y0yf98","name":"cotton","updatedAt":"2019-04-29T23:38:32.336Z","_version":1,"createdAt":"2019-04-29T23:38:32.336Z"},{"_typeName":"ProductAttributeValue","id":"cjv307d4105me0815h6v1meyq","name":"leather","updatedAt":"2019-04-29T23:38:32.336Z","_version":1,"createdAt":"2019-04-29T23:38:32.336Z"},{"_typeName":"ProductAttributeValue","id":"cjv307d4405mf0815hwz6r4lr","name":"granite","updatedAt":"2019-04-29T23:38:32.336Z","_version":1,"createdAt":"2019-04-29T23:38:32.336Z"},{"_typeName":"ProductAttributeValue","id":"cjv307tt505n2081554f1uwpb","name":"red","updatedAt":"2019-04-29T23:38:53.987Z","_version":1,"createdAt":"2019-04-29T23:38:53.987Z"},{"_typeName":"ProductAttributeValue","id":"cjv307tt805n30815lbgk3efj","name":"green","updatedAt":"2019-04-29T23:38:53.987Z","_version":1,"createdAt":"2019-04-29T23:38:53.987Z"},{"_typeName":"ProductAttributeValue","id":"cjv307tta05n40815zs9dm48a","name":"blue","updatedAt":"2019-04-29T23:38:53.987Z","_version":1,"createdAt":"2019-04-29T23:38:53.987Z"},{"_typeName":"ProductAttributeValue","id":"cjv307ttg05n50815wkmkdtwj","name":"white","updatedAt":"2019-04-29T23:38:53.987Z","_version":1,"createdAt":"2019-04-29T23:38:53.987Z"},{"_typeName":"ProductAttributeValue","id":"cjv30884q05nr0815xc3sf2mp","name":"s","updatedAt":"2019-04-29T23:39:12.550Z","_version":1,"createdAt":"2019-04-29T23:39:12.550Z"},{"_typeName":"ProductAttributeValue","id":"cjv30884t05ns0815p7odwa4y","name":"m","updatedAt":"2019-04-29T23:39:12.550Z","_version":1,"createdAt":"2019-04-29T23:39:12.550Z"},{"_typeName":"ProductAttributeValue","id":"cjv30884w05nt0815dsbkj3nl","name":"l","updatedAt":"2019-04-29T23:39:12.550Z","_version":1,"createdAt":"2019-04-29T23:39:12.550Z"},{"_typeName":"ProductAttributeValue","id":"cjv30884z05nu08159jpanq8x","name":"x","updatedAt":"2019-04-29T23:39:12.550Z","_version":1,"createdAt":"2019-04-29T23:39:12.550Z"},{"_typeName":"Language","id":"cjxedbe2t002q08797urgrjcl","updatedAt":"2019-06-27T07:50:27.827Z","_version":1,"languageCode":"vi","createdAt":"2019-06-27T07:50:27.827Z"},{"_typeName":"Language","id":"cjxedbkf9003008795hmei49e","updatedAt":"2019-06-27T07:50:36.068Z","_version":1,"languageCode":"en","createdAt":"2019-06-27T07:50:36.068Z"},{"_typeName":"Trans_Catalog","id":"cjxedzz0200il0879bcs0aj13","name":"sản phẩm","updatedAt":"2019-06-27T08:09:34.702Z","_version":1,"createdAt":"2019-06-27T08:09:34.702Z"},{"_typeName":"Trans_Catalog","id":"cjxedzz0x00ir0879w8qwdm06","name":"phòng ốc","updatedAt":"2019-06-27T08:09:34.737Z","_version":1,"createdAt":"2019-06-27T08:09:34.737Z"},{"_typeName":"Trans_Catalog","id":"cjxedzz1m00ix0879wt8w3kye","name":"dịch vụ","updatedAt":"2019-06-27T08:09:34.761Z","_version":1,"createdAt":"2019-06-27T08:09:34.761Z"},{"_typeName":"Trans_Catalog","id":"cjxedzz2100j30879mssl0yx6","name":"giường & nệm","updatedAt":"2019-06-27T08:09:34.776Z","_version":1,"createdAt":"2019-06-27T08:09:34.776Z"},{"_typeName":"Trans_Catalog","id":"cjxedzz2m00j90879mjflwt35","name":"sản phẩm dệt may","updatedAt":"2019-06-27T08:09:34.797Z","_version":1,"createdAt":"2019-06-27T08:09:34.797Z"},{"_typeName":"Trans_Catalog","id":"cjxee3s9y00mk0879k3khm1ps","name":"products","updatedAt":"2019-06-27T08:12:32.614Z","_version":1,"createdAt":"2019-06-27T08:12:32.614Z"},{"_typeName":"Trans_Catalog","id":"cjxee599800n10879mbknhctf","name":"room","updatedAt":"2019-06-27T08:13:41.276Z","_version":1,"createdAt":"2019-06-27T08:13:41.276Z"},{"_typeName":"Trans_Catalog","id":"cjxee599k00n70879ida2wmj7","name":"services","updatedAt":"2019-06-27T08:13:41.288Z","_version":1,"createdAt":"2019-06-27T08:13:41.288Z"},{"_typeName":"Trans_Catalog","id":"cjxee599v00nd087956lqu5kd","name":"beds & mattresses","updatedAt":"2019-06-27T08:13:41.298Z","_version":1,"createdAt":"2019-06-27T08:13:41.298Z"},{"_typeName":"Trans_Catalog","id":"cjxee59a700nj0879vyw470k5","name":"textiles","updatedAt":"2019-06-27T08:13:41.311Z","_version":1,"createdAt":"2019-06-27T08:13:41.311Z"},{"_typeName":"Trans_Brand","id":"cjxev5s1m001g09798xjyvsbs","updatedAt":"2019-06-27T16:09:59.097Z","_version":1,"brandName":"Ô-EM","createdAt":"2019-06-27T16:09:59.097Z"},{"_typeName":"SupportStatus","id":"cjx5t67hw003b0989nryfgn8f","name":"RESOLVED","updatedAt":"2019-06-21T13:13:50.274Z","_version":1,"createdAt":"2019-06-21T08:04:24.265Z"},{"_typeName":"SupportStatus","id":"cjx5t6ctu003g0989g3mp6ukm","name":"OPEN","updatedAt":"2019-06-21T13:13:50.290Z","_version":1,"createdAt":"2019-06-21T08:04:31.218Z"},{"_typeName":"SupportStatus","id":"cjx5t6h3x003l09898iya99ll","name":"CLOSED","updatedAt":"2019-06-21T13:13:50.298Z","_version":1,"createdAt":"2019-06-21T08:04:36.765Z"},{"_typeName":"SupportStatus","id":"cjx67hxci00ig088993r7dh2c","name":"APPROVED","updatedAt":"2019-06-21T14:45:25.644Z","_version":1,"createdAt":"2019-06-21T14:45:25.644Z"},{"_typeName":"SupportStatus","id":"cjx67i2e300iq0889g1druip8","name":"DENIED","updatedAt":"2019-06-21T14:45:32.186Z","_version":1,"createdAt":"2019-06-21T14:45:32.186Z"},{"_typeName":"SupportCategory","id":"cjx5t7teg003q0989s2m983hi","name":"USER","updatedAt":"2019-06-21T10:42:25.639Z","_version":1,"createdAt":"2019-06-21T08:05:39.351Z"},{"_typeName":"SupportCategory","id":"cjx5t7y5u003v09894hs0mu91","name":"RETAILER","updatedAt":"2019-06-21T10:42:25.633Z","_version":1,"createdAt":"2019-06-21T08:05:45.522Z"},{"_typeName":"SupportCategory","id":"cjx5t9ksl004109899dygza5k","name":"CREATE_RETAILER_APPROVAL","updatedAt":"2019-06-21T10:42:25.590Z","_version":1,"createdAt":"2019-06-21T08:07:01.509Z","parentId":"cjx5t7y5u003v09894hs0mu91"},{"_typeName":"SupportCategory","id":"cjx5t9pr4004709898tq7exov","name":"UPDATE_RETAILER_APPROVAL","updatedAt":"2019-06-21T10:42:25.623Z","_version":1,"createdAt":"2019-06-21T08:07:07.935Z","parentId":"cjx5t7y5u003v09894hs0mu91"},{"_typeName":"SupportCategory","id":"cjx5tccr6004q09893frm4udf","name":"PRODUCT","updatedAt":"2019-06-21T10:42:25.658Z","_version":1,"createdAt":"2019-06-21T08:09:11.058Z"},{"_typeName":"SupportCategory","id":"cjx5tel5i005m0989gnr0pvil","name":"CREATE_PRODUCT_APPROVAL","updatedAt":"2019-06-21T10:42:25.678Z","_version":1,"createdAt":"2019-06-21T08:10:55.254Z","parentId":"cjx5tccr6004q09893frm4udf"},{"_typeName":"SupportCategory","id":"cjx5tethx005r0989x1d25nif","name":"UPDATE_PRODUCT_APPROVAL","updatedAt":"2019-06-21T10:42:25.707Z","_version":1,"createdAt":"2019-06-21T08:11:06.068Z","parentId":"cjx5tccr6004q09893frm4udf"},{"_typeName":"Catalog","id":"cjxedek8l00400879hu7m2ikq","name":"ROOT","updatedAt":"2019-06-27T07:52:55.797Z","_version":1,"createdAt":"2019-06-27T07:52:55.797Z"},{"_typeName":"Catalog","id":"cjxedf2ch004d0879gybqt1r9","name":"products","updatedAt":"2019-06-27T07:53:19.264Z","_version":1,"createdAt":"2019-06-27T07:53:19.264Z"},{"_typeName":"Catalog","id":"cjxedf2co004h08795vuv7qwz","name":"room","updatedAt":"2019-06-27T07:53:19.272Z","_version":1,"createdAt":"2019-06-27T07:53:19.272Z"},{"_typeName":"Catalog","id":"cjxedf2cv004l08795livpuui","name":"services","updatedAt":"2019-06-27T07:53:19.279Z","_version":1,"createdAt":"2019-06-27T07:53:19.279Z"},{"_typeName":"Catalog","id":"cjxedfu0z00500879fy6u62ka","name":"beds & mattresses","updatedAt":"2019-06-27T07:53:55.138Z","_version":1,"createdAt":"2019-06-27T07:53:55.138Z"},{"_typeName":"Catalog","id":"cjxedg101005a0879hmp0c5e9","name":"textiles","updatedAt":"2019-06-27T07:54:04.177Z","_version":1,"createdAt":"2019-06-27T07:54:04.177Z"},{"_typeName":"Catalog","id":"cjxedg7hx005k0879clrvhubu","name":"furniture","updatedAt":"2019-06-27T07:54:12.597Z","_version":1,"createdAt":"2019-06-27T07:54:12.597Z"},{"_typeName":"Catalog","id":"cjxedj66m006o0879mv0rntrf","name":"storage & organisation","updatedAt":"2019-06-27T07:56:30.861Z","_version":1,"createdAt":"2019-06-27T07:56:30.861Z"},{"_typeName":"Catalog","id":"cjxedj66s006s0879nn2aso5t","name":"baby & children","updatedAt":"2019-06-27T07:56:30.868Z","_version":1,"createdAt":"2019-06-27T07:56:30.868Z"},{"_typeName":"Catalog","id":"cjxedj66y006w0879rxivn65j","name":"kitchen & appliances","updatedAt":"2019-06-27T07:56:30.874Z","_version":1,"createdAt":"2019-06-27T07:56:30.874Z"},{"_typeName":"Catalog","id":"cjxedj67300700879tw1p8psq","name":"kitchenware & tableware","updatedAt":"2019-06-27T07:56:30.879Z","_version":1,"createdAt":"2019-06-27T07:56:30.879Z"},{"_typeName":"Catalog","id":"cjxedj67900740879yn68rfvd","name":"bathroom products","updatedAt":"2019-06-27T07:56:30.885Z","_version":1,"createdAt":"2019-06-27T07:56:30.885Z"},{"_typeName":"Catalog","id":"cjxedj67e00780879qpz9rvc7","name":"laundry & cleaning","updatedAt":"2019-06-27T07:56:30.890Z","_version":1,"createdAt":"2019-06-27T07:56:30.890Z"},{"_typeName":"Catalog","id":"cjxedj67k007c0879hp8x767t","name":"outdoor products","updatedAt":"2019-06-27T07:56:30.895Z","_version":1,"createdAt":"2019-06-27T07:56:30.895Z"},{"_typeName":"Catalog","id":"cjxedj67p007g08795kqcg4vf","name":"rugs, mats & flooring","updatedAt":"2019-06-27T07:56:30.901Z","_version":1,"createdAt":"2019-06-27T07:56:30.901Z"},{"_typeName":"Catalog","id":"cjxedj67u007k0879bd2si0ua","name":"decoration","updatedAt":"2019-06-27T07:56:30.906Z","_version":1,"createdAt":"2019-06-27T07:56:30.906Z"},{"_typeName":"Catalog","id":"cjxedj681007o08797gyrxg7j","name":"pots & plants","updatedAt":"2019-06-27T07:56:30.912Z","_version":1,"createdAt":"2019-06-27T07:56:30.912Z"},{"_typeName":"Catalog","id":"cjxedj686007s0879tc1a4ems","name":"lighting","updatedAt":"2019-06-27T07:56:30.918Z","_version":1,"createdAt":"2019-06-27T07:56:30.918Z"},{"_typeName":"Catalog","id":"cjxedj68c007w0879eu5n7l1y","name":"home electronics","updatedAt":"2019-06-27T07:56:30.924Z","_version":1,"createdAt":"2019-06-27T07:56:30.924Z"},{"_typeName":"Catalog","id":"cjxedj68i0080087951lmg568","name":"home improvement","updatedAt":"2019-06-27T07:56:30.929Z","_version":1,"createdAt":"2019-06-27T07:56:30.929Z"},{"_typeName":"Catalog","id":"cjxedj68n00840879gqou21qr","name":"safety products","updatedAt":"2019-06-27T07:56:30.935Z","_version":1,"createdAt":"2019-06-27T07:56:30.935Z"},{"_typeName":"Catalog","id":"cjxedj68w00880879mbh3s4r2","name":"leisure & travel","updatedAt":"2019-06-27T07:56:30.943Z","_version":1,"createdAt":"2019-06-27T07:56:30.943Z"},{"_typeName":"Catalog","id":"cjxedj692008c0879di0ao0jh","name":"food & beverages","updatedAt":"2019-06-27T07:56:30.949Z","_version":1,"createdAt":"2019-06-27T07:56:30.949Z"},{"_typeName":"Catalog","id":"cjxedp3ih00c00879wqf9bz2d","name":"bathroom","updatedAt":"2019-06-27T08:01:07.337Z","_version":1,"createdAt":"2019-06-27T08:01:07.337Z"},{"_typeName":"Catalog","id":"cjxedqaug00cn0879kwbnclnu","name":"bedroom","updatedAt":"2019-06-27T08:02:03.495Z","_version":1,"createdAt":"2019-06-27T08:02:03.495Z"},{"_typeName":"Catalog","id":"cjxedqaun00cr0879r20gplfg","name":"children's room","updatedAt":"2019-06-27T08:02:03.503Z","_version":1,"createdAt":"2019-06-27T08:02:03.503Z"},{"_typeName":"Catalog","id":"cjxedqaus00cv0879jt3nkgdp","name":"dining","updatedAt":"2019-06-27T08:02:03.508Z","_version":1,"createdAt":"2019-06-27T08:02:03.508Z"},{"_typeName":"Catalog","id":"cjxedqav000cz0879k95xojhb","name":"garden & balcony","updatedAt":"2019-06-27T08:02:03.513Z","_version":1,"createdAt":"2019-06-27T08:02:03.513Z"},{"_typeName":"Catalog","id":"cjxedqav400d30879f31o63q0","name":"hallway","updatedAt":"2019-06-27T08:02:03.520Z","_version":1,"createdAt":"2019-06-27T08:02:03.520Z"},{"_typeName":"Catalog","id":"cjxedqav900d70879jpr8bp0q","name":"home office","updatedAt":"2019-06-27T08:02:03.524Z","_version":1,"createdAt":"2019-06-27T08:02:03.524Z"},{"_typeName":"Catalog","id":"cjxedqave00db0879cr97aw84","name":"kitchen","updatedAt":"2019-06-27T08:02:03.530Z","_version":1,"createdAt":"2019-06-27T08:02:03.530Z"},{"_typeName":"Catalog","id":"cjxedqavj00df087942p4m8bf","name":"living room","updatedAt":"2019-06-27T08:02:03.535Z","_version":1,"createdAt":"2019-06-27T08:02:03.535Z"},{"_typeName":"Catalog","id":"cjxedukdi00fv0879cfghacc5","name":"maid & cleaning services","updatedAt":"2019-06-27T08:05:55.310Z","_version":1,"createdAt":"2019-06-27T08:05:22.460Z"},{"_typeName":"Catalog","id":"cjxedukdo00fz0879xhafftqo","name":"decoration services","updatedAt":"2019-06-27T08:05:55.320Z","_version":1,"createdAt":"2019-06-27T08:05:22.476Z"},{"_typeName":"Catalog","id":"cjxedukds00g30879akb0ozfx","name":"movement & relocation services","updatedAt":"2019-06-27T08:06:27.823Z","_version":1,"createdAt":"2019-06-27T08:05:22.480Z"},{"_typeName":"Permission","id":"cjuqslw8v01kq0806tryrk42q","updatedAt":"2019-06-21T08:27:49.346Z","priority":1,"_version":1,"createdAt":"2019-04-21T10:32:39.294Z","type":"ENABLE_USER"},{"_typeName":"Permission","id":"cjuqslztq01kx080683ucwp5w","updatedAt":"2019-06-21T08:27:49.373Z","priority":1,"_version":1,"createdAt":"2019-04-21T10:32:43.933Z","type":"UPDATE_USER"},{"_typeName":"Permission","id":"cjuqsm6ya01lb0806dv1zz1hr","updatedAt":"2019-06-21T08:27:49.393Z","priority":1,"_version":1,"createdAt":"2019-04-21T10:32:53.170Z","type":"DELETE_USER"},{"_typeName":"Permission","id":"cjx5u0pmm00dv0989j7l86ho5","updatedAt":"2019-06-21T09:00:31.552Z","priority":1,"_version":1,"createdAt":"2019-06-21T08:28:07.486Z","type":"CREATE_USER"},{"_typeName":"Permission","id":"cjx5v6do900e909890uzsm3n2","updatedAt":"2019-06-21T09:01:27.710Z","priority":1,"_version":1,"createdAt":"2019-06-21T09:00:31.545Z","type":"READ_USER"},{"_typeName":"Permission","id":"cjx5v7l0700ew0989tgymzcim","updatedAt":"2019-06-21T09:04:09.673Z","priority":1,"_version":1,"createdAt":"2019-06-21T09:01:27.703Z","type":"CREATE_RETAILER"},{"_typeName":"Permission","id":"cjx5vb1zy00fk0989ka62y1b4","updatedAt":"2019-06-21T09:04:09.694Z","priority":1,"_version":1,"createdAt":"2019-06-21T09:04:09.694Z","type":"UPDATE_RETAILER"},{"_typeName":"Permission","id":"cjx5vb20300fo0989vnvkoewu","updatedAt":"2019-06-21T09:04:09.699Z","priority":1,"_version":1,"createdAt":"2019-06-21T09:04:09.699Z","type":"DELETE_RETAILER"},{"_typeName":"Permission","id":"cjx5vb20700fs0989uovynboa","updatedAt":"2019-06-21T09:04:09.703Z","priority":1,"_version":1,"createdAt":"2019-06-21T09:04:09.703Z","type":"READ_RETAILER"},{"_typeName":"Permission","id":"cjx5vb20d00fw0989qtnom3a1","updatedAt":"2019-06-21T09:04:09.708Z","priority":1,"_version":1,"createdAt":"2019-06-21T09:04:09.708Z","type":"APPROVE_RETAILER"},{"_typeName":"Permission","id":"cjx5vb20i00g009896pcv85at","updatedAt":"2019-06-21T09:04:09.713Z","priority":1,"_version":1,"createdAt":"2019-06-21T09:04:09.713Z","type":"ENABLE_RETAILER"},{"_typeName":"Permission","id":"cjx5vdbsr00gl0989cbn40cdl","updatedAt":"2019-06-21T09:05:55.706Z","priority":1,"_version":1,"createdAt":"2019-06-21T09:05:55.706Z","type":"CREATE_PRODUCT"},{"_typeName":"Permission","id":"cjx5vdbsx00gp0989ruaz0n1p","updatedAt":"2019-06-21T09:05:55.713Z","priority":1,"_version":1,"createdAt":"2019-06-21T09:05:55.713Z","type":"UPDATE_PRODUCT"},{"_typeName":"Permission","id":"cjx5vdbt200gt0989bkeoyeys","updatedAt":"2019-06-21T09:05:55.718Z","priority":1,"_version":1,"createdAt":"2019-06-21T09:05:55.718Z","type":"DELETE_PRODUCT"},{"_typeName":"Permission","id":"cjx5vdbt700gx09892ifyfcuf","updatedAt":"2019-06-21T09:05:55.722Z","priority":1,"_version":1,"createdAt":"2019-06-21T09:05:55.722Z","type":"ENABLE_PRODUCT"},{"_typeName":"Permission","id":"cjx5vdbtb00h10989ygazfgv2","updatedAt":"2019-06-21T09:05:55.727Z","priority":1,"_version":1,"createdAt":"2019-06-21T09:05:55.727Z","type":"APPROVE_PRODUCT"},{"_typeName":"Permission","id":"cjx5vdbtj00h509896cw3u8uh","updatedAt":"2019-06-21T09:05:55.734Z","priority":1,"_version":1,"createdAt":"2019-06-21T09:05:55.734Z","type":"READ_PRODUCT"},{"_typeName":"Permission","id":"cjx5wxmg600kv0989lswwy25p","updatedAt":"2019-06-21T09:49:42.245Z","priority":1,"_version":1,"createdAt":"2019-06-21T09:49:42.245Z","type":"CREATE_SPCASE"},{"_typeName":"Permission","id":"cjx5wxmi000kz0989p07jhqpl","updatedAt":"2019-06-21T09:49:42.312Z","priority":1,"_version":1,"createdAt":"2019-06-21T09:49:42.312Z","type":"UPDATE_SPCASE"},{"_typeName":"Permission","id":"cjx5wxmif00l30989p4xuimj6","updatedAt":"2019-06-21T09:49:42.327Z","priority":1,"_version":1,"createdAt":"2019-06-21T09:49:42.327Z","type":"DELETE_SPCASE"},{"_typeName":"Permission","id":"cjx5wxmik00l70989sfp71ddz","updatedAt":"2019-06-21T09:49:42.332Z","priority":1,"_version":1,"createdAt":"2019-06-21T09:49:42.332Z","type":"CLOSE_SPCASE"},{"_typeName":"Permission","id":"cjx5wxmj000lb0989n0hucuu1","updatedAt":"2019-06-21T09:49:42.348Z","priority":1,"_version":1,"createdAt":"2019-06-21T09:49:42.348Z","type":"OPEN_SPCASE"},{"_typeName":"Permission","id":"cjx5wxml200lf09897ygxj0eu","updatedAt":"2019-06-21T09:49:42.421Z","priority":1,"_version":1,"createdAt":"2019-06-21T09:49:42.421Z","type":"READ_SPCASE"},{"_typeName":"Permission","id":"cjx5wxmlt00lj0989j1w6hpx9","updatedAt":"2019-06-21T09:49:42.449Z","priority":1,"_version":1,"createdAt":"2019-06-21T09:49:42.449Z","type":"CREATE_CORESPONSEDENCE"},{"_typeName":"Permission","id":"cjx5wxmmk00ln09893bq8t3lj","updatedAt":"2019-06-21T09:49:42.476Z","priority":1,"_version":1,"createdAt":"2019-06-21T09:49:42.476Z","type":"UPDATE_CORESPONSEDENCE"},{"_typeName":"Permission","id":"cjx5wxmmy00lr0989fm2u5hyw","updatedAt":"2019-06-21T09:49:42.490Z","priority":1,"_version":1,"createdAt":"2019-06-21T09:49:42.490Z","type":"DELETE_CORESPONSEDENCE"},{"_typeName":"Permission","id":"cjx5wxmnm00lz0989atvi9i78","updatedAt":"2019-06-21T09:49:42.514Z","priority":1,"_version":1,"createdAt":"2019-06-21T09:49:42.514Z","type":"READ_CORESPONSEDENCE"},{"_typeName":"Permission","id":"cjx8svwkc001i0a89fst3892c","updatedAt":"2019-06-23T10:19:42.108Z","priority":1,"_version":1,"createdAt":"2019-06-23T10:19:42.108Z","type":"CREATE_ORDER"},{"_typeName":"Permission","id":"cjx8svwkk001m0a89b4z7ro3y","updatedAt":"2019-06-23T10:19:42.115Z","priority":1,"_version":1,"createdAt":"2019-06-23T10:19:42.115Z","type":"UPDATE_ORDER"},{"_typeName":"Permission","id":"cjx8svwks001q0a89g8haiq4w","updatedAt":"2019-06-23T10:19:42.123Z","priority":1,"_version":1,"createdAt":"2019-06-23T10:19:42.123Z","type":"DELETE_ORDER"},{"_typeName":"Permission","id":"cjx8y8sbl00l10a899ijdrgd2","updatedAt":"2019-06-23T12:49:41.217Z","priority":1,"_version":1,"createdAt":"2019-06-23T12:49:41.217Z","type":"UPLOAD_USER_MEDIA"},{"_typeName":"Permission","id":"cjx8yadba00lb0a896t0brh7s","updatedAt":"2019-06-23T12:50:55.078Z","priority":1,"_version":1,"createdAt":"2019-06-23T12:50:55.078Z","type":"UPLOAD_RETAILER_MEDIA"},{"_typeName":"Permission","id":"cjx8yodkd00lq0a89v3jdcz2v","updatedAt":"2019-06-23T13:01:48.589Z","priority":1,"_version":1,"createdAt":"2019-06-23T13:01:48.589Z","type":"UPLOAD_PRODUCT_MEDIA"},{"_typeName":"User","id":"cjx8wh6o100b10a89sn9rx23q","name":"FOXINY","updatedAt":"2019-06-23T12:17:54.169Z","_version":1,"email":"foxiny@foxiny.com","enabled":true,"profile":"ROOT","createdAt":"2019-06-23T12:00:13.824Z","recoverable":true,"phone":"0123456789","password":"$2a$12$Ec6xzrd6D4oqx3dVBoEvj.cVcUkDs.T5yI0jjPgUiIhLCY5eMRElq"},{"_typeName":"User","id":"cjx8wv3xc00fx0a892sruumxg","name":"testUser","updatedAt":"2019-06-27T08:07:51.134Z","_version":1,"email":"user@user.com","enabled":true,"profile":"testUser","createdAt":"2019-06-23T12:11:03.455Z","recoverable":false,"password":"$2a$12$Ec6xzrd6D4oqx3dVBoEvj.cVcUkDs.T5yI0jjPgUiIhLCY5eMRElq"},{"_typeName":"User","id":"cjx8x00t000h60a8910d242yf","name":"testRetailer","updatedAt":"2019-06-23T12:14:52.691Z","_version":1,"email":"retailer@retailer.com","enabled":true,"profile":"testRetailer","createdAt":"2019-06-23T12:14:52.691Z","recoverable":false,"password":"$2a$12$Ec6xzrd6D4oqx3dVBoEvj.cVcUkDs.T5yI0jjPgUiIhLCY5eMRElq"},{"_typeName":"User","id":"cjx8xbr0d00jw0a890jdodu3z","name":"testSupporter","updatedAt":"2019-06-23T12:25:07.793Z","_version":1,"email":"supporter@supporter.com","enabled":true,"profile":"testSupporter","createdAt":"2019-06-23T12:23:59.867Z","recoverable":false,"password":"$2a$12$PNNq/POrUiC6kCUgHJVg1OY7gGfguTucOnFQRBdpMK.WwzXwPE5qK"},{"_typeName":"User","id":"cjxa54a9800160889cusdi4or","name":"mytest","updatedAt":"2019-06-24T08:49:54.628Z","_version":1,"email":"mytest@test.com","enabled":true,"profile":"mytest","createdAt":"2019-06-24T08:49:54.628Z","recoverable":true,"phone":"","password":"$2a$12$Ec6xzrd6D4oqx3dVBoEvj.cVcUkDs.T5yI0jjPgUiIhLCY5eMRElq"},{"_typeName":"Address","id":"cjx8wjksu00bp0a89wasvqsga","city":"foxiny","name":"foxiny","updatedAt":"2019-06-23T12:02:05.450Z","_version":1,"zip":"850000","state":"foxiny","description":"foxiny","createdAt":"2019-06-23T12:02:05.450Z","region":"VI","street":"foxiny","unit":"foxiny","district":"foxiny","phone":"foxiny"},{"_typeName":"Address","id":"cjx8wso2900f40a89dkmvk1hm","city":"foxinyRetail","name":"foxinyRetail","updatedAt":"2019-06-23T12:09:09.571Z","_version":1,"zip":"foxinyRetail","state":"foxinyRetail","description":"foxinyRetail","createdAt":"2019-06-23T12:09:09.571Z","region":"VI","street":"foxinyRetail","unit":"foxinyRetail","district":"foxinyRetail","phone":"foxinyRetail"},{"_typeName":"Retailer","id":"cjx8wso1x00f30a89i06iqz0n","businessPhone":"0123456789","updatedAt":"2019-06-23T12:17:54.176Z","_version":1,"enabled":true,"socialNumber":"000011112222","businessLink":"foxiny","businessName":"FoxinyRetail","createdAt":"2019-06-23T12:09:09.570Z","businessLicense":"000011112222","businessEmail":"elbertsoftware.tester@gmail.com"},{"_typeName":"Retailer","id":"cjx8x25h200hn0a8934r3861q","businessPhone":"0386824579","updatedAt":"2019-06-23T12:16:32.051Z","_version":1,"enabled":false,"socialNumber":"000011112222","businessLink":"TestRetailer","businessName":"TestRetailer","createdAt":"2019-06-23T12:16:32.051Z","businessLicense":"000011112222","businessEmail":"elbertsoftware.tester@gmail.com"},{"_typeName":"Role","id":"cjuqspulf01no0806w2h2ndbb","name":"ROOT","updatedAt":"2019-06-21T09:08:09.722Z","_version":1,"description":"ROOT","createdAt":"2019-04-21T10:35:43.761Z","type":"ROOT"},{"_typeName":"Role","id":"cjx5vzlrs00im0989hhr8d543","name":"PRODUCT_ADMIN","updatedAt":"2019-06-21T09:23:15.064Z","_version":1,"description":"PRODUCT_ADMIN","createdAt":"2019-06-21T09:23:15.064Z","type":"PRODUCT_ADMIN"},{"_typeName":"Role","id":"cjx5w43zo00jl09892a8ukweo","name":"RETAILER_ADMIN","updatedAt":"2019-06-21T09:26:45.299Z","_version":1,"description":"RETAILER_ADMIN","createdAt":"2019-06-21T09:26:45.299Z","type":"RETAILER_ADMIN"},{"_typeName":"Role","id":"cjx5x2hmb00nl0989jiwdxjig","name":"SUPPORT_ADMIN","updatedAt":"2019-06-21T09:53:29.266Z","_version":1,"description":"SUPPORT_ADMIN","createdAt":"2019-06-21T09:53:29.266Z","type":"SUPPORT_ADMIN"},{"_typeName":"Role","id":"cjx5y3o1z00pi0989ngi6rjtt","name":"RETAILER","updatedAt":"2019-06-21T10:22:23.878Z","_version":1,"description":"RETAILER","createdAt":"2019-06-21T10:22:23.878Z","type":"RETAILER"},{"_typeName":"Role","id":"cjx8t83zp003j0a89fdfr6knm","name":"USER","updatedAt":"2019-06-23T10:29:11.604Z","_version":1,"description":"USER","createdAt":"2019-06-23T10:29:11.604Z","type":"USER"},{"_typeName":"SupportSeverity","id":"cjx5y7izt00ql09890tvifgwb","name":"LOW","updatedAt":"2019-06-21T13:10:54.459Z","_version":1,"createdAt":"2019-06-21T10:25:23.944Z"},{"_typeName":"SupportSeverity","id":"cjx5y7u9o00qw098993auj14w","name":"MEDIUM","updatedAt":"2019-06-21T13:10:54.475Z","_version":1,"createdAt":"2019-06-21T10:25:38.555Z"},{"_typeName":"SupportSeverity","id":"cjx5y7uac00r00989m32cos7s","name":"HIGH","updatedAt":"2019-06-21T13:10:54.483Z","_version":1,"createdAt":"2019-06-21T10:25:38.580Z"}]}