{
  "valueType": "nodes",
  "values": [
    {
      "_typeName": "User",
      "id": "cjuqt3f7b01sv0806aswv772q",
      "name": "foxiny",
      "updatedAt": "2019-04-21T10:46:54.467Z",
      "_version": 1,
      "email": "foxiny@foxiny.com",
      "enabled": true,
      "createdAt": "2019-04-21T10:46:17.014Z",
      "recoverable": false,
      "password": "$2a$12$Ec6xzrd6D4oqx3dVBoEvj.cVcUkDs.T5yI0jjPgUiIhLCY5eMRElq"
    },
    {
      "_typeName": "SecurityQuestion",
      "id": "cjsfy31e502mp0704i38pasnk",
      "question": "What school did you attend for 6th grade?",
      "updatedAt": "2019-02-22T11:01:04.589Z",
      "_version": 1,
      "createdAt": "2019-02-22T11:01:04.589Z"
    },
    {
      "_typeName": "SecurityQuestion",
      "id": "cjsfy3dmz02n10704c6ifw2vr",
      "question": "What country have you always dreamt of vacationing in?",
      "updatedAt": "2019-02-22T11:01:20.458Z",
      "_version": 1,
      "createdAt": "2019-02-22T11:01:20.458Z"
    },
    {
      "_typeName": "SecurityQuestion",
      "id": "cjsfy3ks502nb0704on8wiffq",
      "question": "What was the last name of your favorite elementary school teacher?",
      "updatedAt": "2019-02-22T11:01:29.717Z",
      "_version": 1,
      "createdAt": "2019-02-22T11:01:29.717Z"
    },
    {
      "_typeName": "SecurityQuestion",
      "id": "cjsfy3r7u02nk0704ykn33y42",
      "question": "What was the first album/CD you purchased?",
      "updatedAt": "2019-02-22T11:01:38.058Z",
      "_version": 1,
      "createdAt": "2019-02-22T11:01:38.058Z"
    },
    {
      "_typeName": "SecurityQuestion",
      "id": "cjsfy3xia02nt070471z4b9mr",
      "question": "In what city did you meet your spouse/significant other?",
      "updatedAt": "2019-02-22T11:01:46.210Z",
      "_version": 1,
      "createdAt": "2019-02-22T11:01:46.210Z"
    },
    {
      "_typeName": "SecurityQuestion",
      "id": "cjsfy45c702o30704lsb8mkar",
      "question": "What is the name of your favorite childhood friend?",
      "updatedAt": "2019-02-22T11:01:56.358Z",
      "_version": 1,
      "createdAt": "2019-02-22T11:01:56.358Z"
    },
    {
      "_typeName": "SecurityQuestion",
      "id": "cjsfy4a1n02ob070442vqhtll",
      "question": "Who was your favorite singer/band in high school?",
      "updatedAt": "2019-02-22T11:02:02.458Z",
      "_version": 1,
      "createdAt": "2019-02-22T11:02:02.458Z"
    },
    {
      "_typeName": "SecurityQuestion",
      "id": "cjsfy4eur02oj0704mxpzb1l8",
      "question": "What is the first movie you saw in in thearters?",
      "updatedAt": "2019-02-22T11:02:08.691Z",
      "_version": 1,
      "createdAt": "2019-02-22T11:02:08.691Z"
    },
    {
      "_typeName": "SecurityQuestion",
      "id": "cjsfy4j8202oq0704j9msbtgl",
      "question": "What is your favorite candy/dessert?",
      "updatedAt": "2019-02-22T11:02:14.354Z",
      "_version": 1,
      "createdAt": "2019-02-22T11:02:14.354Z"
    },
    {
      "_typeName": "SecurityQuestion",
      "id": "cjsfy4om302oz0704rpbkz3ha",
      "question": "What is your favorite pastime?",
      "updatedAt": "2019-02-22T11:02:21.339Z",
      "_version": 1,
      "createdAt": "2019-02-22T11:02:21.339Z"
    },
    {
      "_typeName": "SecurityQuestion",
      "id": "cjsfy4tck02p70704to9w5nwr",
      "question": "What is your favorite sport?",
      "updatedAt": "2019-02-22T11:02:27.475Z",
      "_version": 1,
      "createdAt": "2019-02-22T11:02:27.475Z"
    },
    {
      "_typeName": "SecurityQuestion",
      "id": "cjsfy51xy02ph0704g2cxlw8t",
      "question": "What are last 5 digits of your social securiy number?",
      "updatedAt": "2019-02-22T11:02:38.613Z",
      "_version": 1,
      "createdAt": "2019-02-22T11:02:38.613Z"
    },
    {
      "_typeName": "SecurityQuestion",
      "id": "cjsfy56hd02pp0704ffywixpo",
      "question": "Where is your favorite vacation spot?",
      "updatedAt": "2019-02-22T11:02:44.496Z",
      "_version": 1,
      "createdAt": "2019-02-22T11:02:44.496Z"
    },
    {
      "_typeName": "SecurityQuestion",
      "id": "cjsfy5c9j02py0704o8rdxsau",
      "question": "To what city did you go the first time you flew on an airplane?",
      "updatedAt": "2019-02-22T11:02:51.991Z",
      "_version": 1,
      "createdAt": "2019-02-22T11:02:51.991Z"
    },
    {
      "_typeName": "SecurityQuestion",
      "id": "cjsfy5her02q607043bu57tir",
      "question": "What was the first concert you attended?",
      "updatedAt": "2019-02-22T11:02:58.659Z",
      "_version": 1,
      "createdAt": "2019-02-22T11:02:58.659Z"
    },
    {
      "_typeName": "SecurityQuestion",
      "id": "cjsfy5lts02qe07048qo6i2lg",
      "question": "What is your favorite food?",
      "updatedAt": "2019-02-22T11:03:04.384Z",
      "_version": 1,
      "createdAt": "2019-02-22T11:03:04.384Z"
    },
    {
      "_typeName": "SecurityQuestion",
      "id": "cjsfy5q6502ql07048duvkr04",
      "question": "Who was your childhood hero?",
      "updatedAt": "2019-02-22T11:03:10.013Z",
      "_version": 1,
      "createdAt": "2019-02-22T11:03:10.013Z"
    },
    {
      "_typeName": "SecurityQuestion",
      "id": "cjsfy5v9102qu0704i3uexf37",
      "question": "What is your favorite movie character?",
      "updatedAt": "2019-02-22T11:03:16.597Z",
      "_version": 1,
      "createdAt": "2019-02-22T11:03:16.597Z"
    },
    {
      "_typeName": "Assignment",
      "id": "cjurxpx3g00ay07063h2apedn",
      "_version": 1,
      "createdAt": "2019-04-22T05:43:31.222Z",
      "updatedAt": "2019-04-22T05:43:31.222Z"
    },
    {
      "_typeName": "Brand",
      "id": "cjuse8deg01710914b43mxy0e",
      "updatedAt": "2019-04-22T13:25:46.011Z",
      "_version": 1,
      "brandName": "OEM",
      "createdAt": "2019-04-22T13:25:46.011Z"
    },
    {
      "_typeName": "Category",
      "id": "cjuqqr6lb008b0806ngt5fe6h",
      "name": "Baby",
      "updatedAt": "2019-04-21T09:40:46.749Z",
      "_version": 1,
      "createdAt": "2019-04-21T09:40:46.749Z"
    },
    {
      "_typeName": "Category",
      "id": "cjuqqrc7l008j0806a88o4xhq",
      "name": "Children",
      "updatedAt": "2019-04-21T09:40:54.033Z",
      "_version": 1,
      "createdAt": "2019-04-21T09:40:54.033Z"
    },
    {
      "_typeName": "Category",
      "id": "cjuqqrn29008t0806u40wj4jx",
      "name": "Children 5-7",
      "updatedAt": "2019-04-21T09:41:08.096Z",
      "_version": 1,
      "createdAt": "2019-04-21T09:41:08.096Z"
    },
    {
      "_typeName": "Category",
      "id": "cjuqqrqrp00900806elmd7glo",
      "name": "Children 8-12",
      "updatedAt": "2019-04-21T09:41:12.900Z",
      "_version": 1,
      "createdAt": "2019-04-21T09:41:12.900Z"
    },
    {
      "_typeName": "Category",
      "id": "cjuqqrw9b00980806wnbk447b",
      "name": "Bathroom",
      "updatedAt": "2019-04-21T09:41:20.014Z",
      "_version": 1,
      "createdAt": "2019-04-21T09:41:20.014Z"
    },
    {
      "_typeName": "Category",
      "id": "cjuqqs1gh009g0806dkg32dxj",
      "name": "Textile",
      "updatedAt": "2019-04-21T09:41:26.753Z",
      "_version": 1,
      "createdAt": "2019-04-21T09:41:26.753Z"
    },
    {
      "_typeName": "Category",
      "id": "cjuqqs8oi009p0806mavq3viu",
      "name": "Accessory",
      "updatedAt": "2019-04-21T09:41:36.113Z",
      "_version": 1,
      "createdAt": "2019-04-21T09:41:36.113Z"
    },
    {
      "_typeName": "Category",
      "id": "cjuqqsenv009x0806kgzqjjf1",
      "name": "Lighting",
      "updatedAt": "2019-04-21T09:41:43.866Z",
      "_version": 1,
      "createdAt": "2019-04-21T09:41:43.866Z"
    },
    {
      "_typeName": "Category",
      "id": "cjuqqskep00a50806dq4sjh0r",
      "name": "Mirror",
      "updatedAt": "2019-04-21T09:41:51.312Z",
      "_version": 1,
      "createdAt": "2019-04-21T09:41:51.312Z"
    },
    {
      "_typeName": "Category",
      "id": "cjuqqviwk00c10806y3bo9vp4",
      "name": "Stool",
      "updatedAt": "2019-04-21T09:44:09.331Z",
      "_version": 1,
      "createdAt": "2019-04-21T09:44:09.331Z"
    },
    {
      "_typeName": "Category",
      "id": "cjuqqvmwq00c80806w2pjcdzh",
      "name": "Bench",
      "updatedAt": "2019-04-21T09:44:14.521Z",
      "_version": 1,
      "createdAt": "2019-04-21T09:44:14.521Z"
    },
    {
      "_typeName": "Category",
      "id": "cjuqqvt7f00ch0806agrq43j7",
      "name": "Storage",
      "updatedAt": "2019-04-21T09:44:22.682Z",
      "_version": 1,
      "createdAt": "2019-04-21T09:44:22.682Z"
    },
    {
      "_typeName": "Category",
      "id": "cjuqqvz5c00cp0806kui4vfiy",
      "name": "Shower",
      "updatedAt": "2019-04-21T09:44:30.383Z",
      "_version": 1,
      "createdAt": "2019-04-21T09:44:30.383Z"
    },
    {
      "_typeName": "Category",
      "id": "cjuqqw7ij00cy0806kh2751jp",
      "name": "Tap",
      "updatedAt": "2019-04-21T09:44:41.226Z",
      "_version": 1,
      "createdAt": "2019-04-21T09:44:41.226Z"
    },
    {
      "_typeName": "Category",
      "id": "cjuqqwgwa00d80806x4oymk6x",
      "name": "Wash-basin",
      "updatedAt": "2019-04-21T09:44:53.385Z",
      "_version": 1,
      "createdAt": "2019-04-21T09:44:53.385Z"
    },
    {
      "_typeName": "Category",
      "id": "cjuqqwqc000di0806ljwlc8wq",
      "name": "Wash-stand",
      "updatedAt": "2019-04-21T09:45:05.615Z",
      "_version": 1,
      "createdAt": "2019-04-21T09:45:05.615Z"
    },
    {
      "_typeName": "Category",
      "id": "cjuqqx1b800dt080608xrrj2g",
      "name": "Bed",
      "updatedAt": "2019-04-21T09:45:19.843Z",
      "_version": 1,
      "createdAt": "2019-04-21T09:45:19.843Z"
    },
    {
      "_typeName": "Category",
      "id": "cjuqqz19500ez0806jd8qan2j",
      "name": "Mattress",
      "updatedAt": "2019-04-21T09:46:53.081Z",
      "_version": 1,
      "createdAt": "2019-04-21T09:46:53.081Z"
    },
    {
      "_typeName": "Category",
      "id": "cjuqr27d500gu0806g2zecyzq",
      "name": "Bedding",
      "updatedAt": "2019-04-21T09:49:20.968Z",
      "_version": 1,
      "createdAt": "2019-04-21T09:49:20.968Z"
    },
    {
      "_typeName": "Category",
      "id": "cjuqr2jnr00h50806928caunm",
      "name": "Bedside table",
      "updatedAt": "2019-04-21T09:49:36.903Z",
      "_version": 1,
      "createdAt": "2019-04-21T09:49:36.903Z"
    },
    {
      "_typeName": "Category",
      "id": "cjuqr3gop00hr080685zbcxaa",
      "name": "Mattress base",
      "updatedAt": "2019-04-21T09:50:19.704Z",
      "_version": 1,
      "createdAt": "2019-04-21T09:50:19.704Z"
    },
    {
      "_typeName": "Category",
      "id": "cjuqr416j00i70806d5outq74",
      "name": "Decoration",
      "updatedAt": "2019-04-21T09:50:46.267Z",
      "_version": 1,
      "createdAt": "2019-04-21T09:50:46.267Z"
    },
    {
      "_typeName": "Category",
      "id": "cjuqr4bgn00ih0806pyvaj312",
      "name": "Candle holder",
      "updatedAt": "2019-04-21T09:50:59.591Z",
      "_version": 1,
      "createdAt": "2019-04-21T09:50:59.591Z"
    },
    {
      "_typeName": "Category",
      "id": "cjuqr4evy00io08066e63lrgh",
      "name": "Candle",
      "updatedAt": "2019-04-21T09:51:04.029Z",
      "_version": 1,
      "createdAt": "2019-04-21T09:51:04.029Z"
    },
    {
      "_typeName": "Category",
      "id": "cjuqr4k0j00iw0806xihypvts",
      "name": "Clock",
      "updatedAt": "2019-04-21T09:51:10.675Z",
      "_version": 1,
      "createdAt": "2019-04-21T09:51:10.675Z"
    },
    {
      "_typeName": "Category",
      "id": "cjuqr4xzb00j80806jovo86xx",
      "name": "Pot",
      "updatedAt": "2019-04-21T09:51:28.774Z",
      "_version": 1,
      "createdAt": "2019-04-21T09:51:28.774Z"
    },
    {
      "_typeName": "Category",
      "id": "cjuqr5e6l00jm0806csgn8u3b",
      "name": "Planter",
      "updatedAt": "2019-04-21T09:51:49.772Z",
      "_version": 1,
      "createdAt": "2019-04-21T09:51:49.772Z"
    },
    {
      "_typeName": "Category",
      "id": "cjuqr5m6v00jv0806le31d3l2",
      "name": "Frame",
      "updatedAt": "2019-04-21T09:52:00.151Z",
      "_version": 1,
      "createdAt": "2019-04-21T09:52:00.151Z"
    },
    {
      "_typeName": "Category",
      "id": "cjuqr5rbp00k30806ucejv0be",
      "name": "Picture",
      "updatedAt": "2019-04-21T09:52:06.804Z",
      "_version": 1,
      "createdAt": "2019-04-21T09:52:06.804Z"
    },
    {
      "_typeName": "Category",
      "id": "cjuqr6oi900kq0806iceo0pd6",
      "name": "Vase",
      "updatedAt": "2019-04-21T09:52:49.808Z",
      "_version": 1,
      "createdAt": "2019-04-21T09:52:49.808Z"
    },
    {
      "_typeName": "Category",
      "id": "cjuqr6sk800kx08063sy5j6un",
      "name": "Bowl",
      "updatedAt": "2019-04-21T09:52:55.064Z",
      "_version": 1,
      "createdAt": "2019-04-21T09:52:55.064Z"
    },
    {
      "_typeName": "Category",
      "id": "cjuqr71ol00l708064phuwib7",
      "name": "Furniture",
      "updatedAt": "2019-04-21T09:53:06.884Z",
      "_version": 1,
      "createdAt": "2019-04-21T09:53:06.884Z"
    },
    {
      "_typeName": "Category",
      "id": "cjuqr788000lf0806fk5n2kux",
      "name": "Bar",
      "updatedAt": "2019-04-21T09:53:15.360Z",
      "_version": 1,
      "createdAt": "2019-04-21T09:53:15.360Z"
    },
    {
      "_typeName": "Category",
      "id": "cjuqr7bjo00lm08068br4vnzl",
      "name": "Table",
      "updatedAt": "2019-04-21T09:53:19.668Z",
      "_version": 1,
      "createdAt": "2019-04-21T09:53:19.668Z"
    },
    {
      "_typeName": "Category",
      "id": "cjuqr7emm00ls0806l47cdc5v",
      "name": "Chair",
      "updatedAt": "2019-04-21T09:53:23.661Z",
      "_version": 1,
      "createdAt": "2019-04-21T09:53:23.661Z"
    },
    {
      "_typeName": "Category",
      "id": "cjuqr839600ma0806f7zc69hi",
      "name": "Bookcase",
      "updatedAt": "2019-04-21T09:53:55.577Z",
      "_version": 1,
      "createdAt": "2019-04-21T09:53:55.577Z"
    },
    {
      "_typeName": "Category",
      "id": "cjuqr8r1q00ms0806udcu1nio",
      "name": "Shelving",
      "updatedAt": "2019-04-21T09:54:26.413Z",
      "_version": 1,
      "createdAt": "2019-04-21T09:54:26.413Z"
    },
    {
      "_typeName": "Category",
      "id": "cjuqr962p00n508060pdz2xz5",
      "name": "Cabinet",
      "updatedAt": "2019-04-21T09:54:45.889Z",
      "_version": 1,
      "createdAt": "2019-04-21T09:54:45.889Z"
    },
    {
      "_typeName": "Category",
      "id": "cjuqr9aep00nc0806oihmol4a",
      "name": "Cupboard",
      "updatedAt": "2019-04-21T09:54:51.505Z",
      "_version": 1,
      "createdAt": "2019-04-21T09:54:51.505Z"
    },
    {
      "_typeName": "Category",
      "id": "cjuqra3qo00nx08068f3gb6pr",
      "name": "Café",
      "updatedAt": "2019-04-21T09:55:29.520Z",
      "_version": 1,
      "createdAt": "2019-04-21T09:55:29.520Z"
    },
    {
      "_typeName": "Category",
      "id": "cjuqrb3ul00ol0806xlhmjkia",
      "name": "Drawer",
      "updatedAt": "2019-04-21T09:56:16.316Z",
      "_version": 1,
      "createdAt": "2019-04-21T09:56:16.316Z"
    },
    {
      "_typeName": "Category",
      "id": "cjuqrbd4c00ov08067v6sjo9r",
      "name": "Chest of Drawer",
      "updatedAt": "2019-04-21T09:56:28.332Z",
      "_version": 1,
      "createdAt": "2019-04-21T09:56:28.332Z"
    },
    {
      "_typeName": "Category",
      "id": "cjuqrbr8h00p70806ozcl8ks0",
      "name": "Outdoor",
      "updatedAt": "2019-04-21T09:56:46.625Z",
      "_version": 1,
      "createdAt": "2019-04-21T09:56:46.625Z"
    },
    {
      "_typeName": "Category",
      "id": "cjuqrccfq00po08064ogvfb5k",
      "name": "Sofa",
      "updatedAt": "2019-04-21T09:57:14.101Z",
      "_version": 1,
      "createdAt": "2019-04-21T09:57:14.101Z"
    },
    {
      "_typeName": "Category",
      "id": "cjuqrci5i00pw08068hd0qo1e",
      "name": "Armchair",
      "updatedAt": "2019-04-21T09:57:21.510Z",
      "_version": 1,
      "createdAt": "2019-04-21T09:57:21.510Z"
    },
    {
      "_typeName": "Category",
      "id": "cjuqrctpy00q708067ojz4ohx",
      "name": "Desk",
      "updatedAt": "2019-04-21T09:57:36.502Z",
      "_version": 1,
      "createdAt": "2019-04-21T09:57:36.502Z"
    },
    {
      "_typeName": "Category",
      "id": "cjuqrdzpp00qy08064bhlgath",
      "name": "TV & Media",
      "updatedAt": "2019-04-21T09:58:30.924Z",
      "_version": 1,
      "createdAt": "2019-04-21T09:58:30.924Z"
    },
    {
      "_typeName": "Category",
      "id": "cjuqreief00rc0806wecyv9vs",
      "name": "Wardrobe",
      "updatedAt": "2019-04-21T09:58:55.142Z",
      "_version": 1,
      "createdAt": "2019-04-21T09:58:55.142Z"
    },
    {
      "_typeName": "Category",
      "id": "cjuqrf0hy00rr0806wrepau5f",
      "name": "Improvement",
      "updatedAt": "2019-04-21T09:59:18.597Z",
      "_version": 1,
      "createdAt": "2019-04-21T09:59:18.597Z"
    },
    {
      "_typeName": "Category",
      "id": "cjuqrfaap00s10806if9bogvi",
      "name": "Door",
      "updatedAt": "2019-04-21T09:59:31.295Z",
      "_version": 1,
      "createdAt": "2019-04-21T09:59:31.295Z"
    },
    {
      "_typeName": "Category",
      "id": "cjuqrfd6r00s80806n41q7kui",
      "name": "Handle",
      "updatedAt": "2019-04-21T09:59:35.042Z",
      "_version": 1,
      "createdAt": "2019-04-21T09:59:35.042Z"
    },
    {
      "_typeName": "Category",
      "id": "cjuqrfkgj00sh0806242sohvj",
      "name": "Knob",
      "updatedAt": "2019-04-21T09:59:44.467Z",
      "_version": 1,
      "createdAt": "2019-04-21T09:59:44.467Z"
    },
    {
      "_typeName": "Category",
      "id": "cjuqrg3ck00sv0806s9jwp36c",
      "name": "Oil",
      "updatedAt": "2019-04-21T10:00:08.947Z",
      "_version": 1,
      "createdAt": "2019-04-21T10:00:08.947Z"
    },
    {
      "_typeName": "Category",
      "id": "cjuqrgang00t40806tssq9m2c",
      "name": "Stain",
      "updatedAt": "2019-04-21T10:00:18.411Z",
      "_version": 1,
      "createdAt": "2019-04-21T10:00:18.411Z"
    },
    {
      "_typeName": "Category",
      "id": "cjuqrgkks00tf0806ketxxz5w",
      "name": "Care",
      "updatedAt": "2019-04-21T10:00:31.275Z",
      "_version": 1,
      "createdAt": "2019-04-21T10:00:31.275Z"
    },
    {
      "_typeName": "Category",
      "id": "cjuqrh2i300ty0806j3aba5g1",
      "name": "Flooring",
      "updatedAt": "2019-04-21T10:00:54.507Z",
      "_version": 1,
      "createdAt": "2019-04-21T10:00:54.507Z"
    },
    {
      "_typeName": "Category",
      "id": "cjuqrhcvo00u908064e79sw2f",
      "name": "Safety",
      "updatedAt": "2019-04-21T10:01:07.956Z",
      "_version": 1,
      "createdAt": "2019-04-21T10:01:07.956Z"
    },
    {
      "_typeName": "Category",
      "id": "cjuqrhu9j00un0806vht6wsbt",
      "name": "Tool",
      "updatedAt": "2019-04-21T10:01:30.485Z",
      "_version": 1,
      "createdAt": "2019-04-21T10:01:30.485Z"
    },
    {
      "_typeName": "Category",
      "id": "cjuqrhydd00uu0806ylcqzhaq",
      "name": "Fitting",
      "updatedAt": "2019-04-21T10:01:35.808Z",
      "_version": 1,
      "createdAt": "2019-04-21T10:01:35.808Z"
    },
    {
      "_typeName": "Category",
      "id": "cjuqri8h900v40806733ngdje",
      "name": "Wall",
      "updatedAt": "2019-04-21T10:01:48.908Z",
      "_version": 1,
      "createdAt": "2019-04-21T10:01:48.908Z"
    },
    {
      "_typeName": "Category",
      "id": "cjuqribcm00vb0806jz2hj7f5",
      "name": "Panel",
      "updatedAt": "2019-04-21T10:01:52.629Z",
      "_version": 1,
      "createdAt": "2019-04-21T10:01:52.629Z"
    },
    {
      "_typeName": "Category",
      "id": "cjuqrijqq00vk0806yvu09gv7",
      "name": "Kitchen",
      "updatedAt": "2019-04-21T10:02:03.505Z",
      "_version": 1,
      "createdAt": "2019-04-21T10:02:03.505Z"
    },
    {
      "_typeName": "Category",
      "id": "cjuqriojx00vs0806pq2w9d91",
      "name": "Appliance",
      "updatedAt": "2019-04-21T10:02:09.741Z",
      "_version": 1,
      "createdAt": "2019-04-21T10:02:09.741Z"
    },
    {
      "_typeName": "Category",
      "id": "cjuqrjylr00wl08065b0meze0",
      "name": "Kitchenware",
      "updatedAt": "2019-04-21T10:03:09.423Z",
      "_version": 1,
      "createdAt": "2019-04-21T10:03:09.423Z"
    },
    {
      "_typeName": "Category",
      "id": "cjuqrk3h200ws0806ewj8b238",
      "name": "Tablewear",
      "updatedAt": "2019-04-21T10:03:15.733Z",
      "_version": 1,
      "createdAt": "2019-04-21T10:03:15.733Z"
    },
    {
      "_typeName": "Category",
      "id": "cjuqrkrk400xa080600u5fcro",
      "name": "Coffe",
      "updatedAt": "2019-04-21T10:03:46.947Z",
      "_version": 1,
      "createdAt": "2019-04-21T10:03:46.947Z"
    },
    {
      "_typeName": "Category",
      "id": "cjuqrkuxq00xh0806haoq00cw",
      "name": "Tea",
      "updatedAt": "2019-04-21T10:03:51.325Z",
      "_version": 1,
      "createdAt": "2019-04-21T10:03:51.325Z"
    },
    {
      "_typeName": "Category",
      "id": "cjuqrlkte00xz08060yc5l6u6",
      "name": "Cooking & Baking",
      "updatedAt": "2019-04-21T10:04:24.865Z",
      "_version": 1,
      "createdAt": "2019-04-21T10:04:24.865Z"
    },
    {
      "_typeName": "Category",
      "id": "cjuqrm8pr00yh0806sswcvkuh",
      "name": "Cookwear",
      "updatedAt": "2019-04-21T10:04:55.839Z",
      "_version": 1,
      "createdAt": "2019-04-21T10:04:55.839Z"
    },
    {
      "_typeName": "Category",
      "id": "cjuqrmsrw00yw08067cklpb1o",
      "name": "Cutlery",
      "updatedAt": "2019-04-21T10:05:21.835Z",
      "_version": 1,
      "createdAt": "2019-04-21T10:05:21.835Z"
    },
    {
      "_typeName": "Category",
      "id": "cjuqrmz8n00z40806yn7wcali",
      "name": "Dinnerwear",
      "updatedAt": "2019-04-21T10:05:30.214Z",
      "_version": 1,
      "createdAt": "2019-04-21T10:05:30.214Z"
    },
    {
      "_typeName": "Category",
      "id": "cjuqrn7ci00ze0806wqjpi0df",
      "name": "Dishwashing Accessory",
      "updatedAt": "2019-04-21T10:05:40.721Z",
      "_version": 1,
      "createdAt": "2019-04-21T10:05:40.721Z"
    },
    {
      "_typeName": "Category",
      "id": "cjuqroy3m010g080601nvuek9",
      "name": "Food Storage & Organising",
      "updatedAt": "2019-04-21T10:07:02.050Z",
      "_version": 1,
      "createdAt": "2019-04-21T10:07:02.050Z"
    },
    {
      "_typeName": "Category",
      "id": "cjuqrpm6z010x0806hhj9lppu",
      "name": "Glassware & Jugs",
      "updatedAt": "2019-04-21T10:07:33.274Z",
      "_version": 1,
      "createdAt": "2019-04-21T10:07:33.274Z"
    },
    {
      "_typeName": "Category",
      "id": "cjuqrrbrw011z0806uial0geg",
      "name": "Knives",
      "updatedAt": "2019-04-21T10:08:53.084Z",
      "_version": 1,
      "createdAt": "2019-04-21T10:08:53.084Z"
    },
    {
      "_typeName": "Category",
      "id": "cjuqrrk7x012808068d84sn8i",
      "name": "Chopping Boards",
      "updatedAt": "2019-04-21T10:09:04.028Z",
      "_version": 1,
      "createdAt": "2019-04-21T10:09:04.028Z"
    },
    {
      "_typeName": "Category",
      "id": "cjuqrstzv013108063rw81khb",
      "name": "Serveware",
      "updatedAt": "2019-04-21T10:10:03.355Z",
      "_version": 1,
      "createdAt": "2019-04-21T10:10:03.355Z"
    },
    {
      "_typeName": "Category",
      "id": "cjuqru26y013t080667ktkqq3",
      "name": "Laundry",
      "updatedAt": "2019-04-21T10:11:00.633Z",
      "_version": 1,
      "createdAt": "2019-04-21T10:11:00.633Z"
    },
    {
      "_typeName": "Category",
      "id": "cjuqru9l201420806u1qe7rhy",
      "name": "Cleaning",
      "updatedAt": "2019-04-21T10:11:10.213Z",
      "_version": 1,
      "createdAt": "2019-04-21T10:11:10.213Z"
    },
    {
      "_typeName": "Category",
      "id": "cjuqrup2m014g0806rlpq4xmk",
      "name": "Bin",
      "updatedAt": "2019-04-21T10:11:30.286Z",
      "_version": 1,
      "createdAt": "2019-04-21T10:11:30.286Z"
    },
    {
      "_typeName": "Category",
      "id": "cjuqrus00014m08062jgfcilg",
      "name": "Bag",
      "updatedAt": "2019-04-21T10:11:34.080Z",
      "_version": 1,
      "createdAt": "2019-04-21T10:11:34.080Z"
    },
    {
      "_typeName": "Category",
      "id": "cjuqrvtpe015g0806b8kt8h6s",
      "name": "Drying Rack",
      "updatedAt": "2019-04-21T10:12:22.946Z",
      "_version": 1,
      "createdAt": "2019-04-21T10:12:22.946Z"
    },
    {
      "_typeName": "Category",
      "id": "cjuqrwap0015u0806key6u0sl",
      "name": "Ironing Board",
      "updatedAt": "2019-04-21T10:12:44.963Z",
      "_version": 1,
      "createdAt": "2019-04-21T10:12:44.963Z"
    },
    {
      "_typeName": "Category",
      "id": "cjuqrx6mp016f08065s2hieil",
      "name": "Decorative Light",
      "updatedAt": "2019-04-21T10:13:26.352Z",
      "_version": 1,
      "createdAt": "2019-04-21T10:13:26.352Z"
    },
    {
      "_typeName": "Category",
      "id": "cjuqrxdkg016o0806rfzc5wrt",
      "name": "Integrated Light",
      "updatedAt": "2019-04-21T10:13:35.344Z",
      "_version": 1,
      "createdAt": "2019-04-21T10:13:35.344Z"
    },
    {
      "_typeName": "Category",
      "id": "cjuqrxspz017108063qky61xa",
      "name": "Lamp",
      "updatedAt": "2019-04-21T10:13:54.982Z",
      "_version": 1,
      "createdAt": "2019-04-21T10:13:54.982Z"
    },
    {
      "_typeName": "Category",
      "id": "cjuqry356017c080650clbwg9",
      "name": "LED light bulb",
      "updatedAt": "2019-04-21T10:14:08.489Z",
      "_version": 1,
      "createdAt": "2019-04-21T10:14:08.489Z"
    },
    {
      "_typeName": "Category",
      "id": "cjuqryb0z017l08068lphwnzy",
      "name": "Smart",
      "updatedAt": "2019-04-21T10:14:18.706Z",
      "_version": 1,
      "createdAt": "2019-04-21T10:14:18.706Z"
    },
    {
      "_typeName": "Category",
      "id": "cjuqrzbbv01890806x0scet4b",
      "name": "Mat",
      "updatedAt": "2019-04-21T10:15:05.754Z",
      "_version": 1,
      "createdAt": "2019-04-21T10:15:05.754Z"
    },
    {
      "_typeName": "Category",
      "id": "cjuqrzq0k018m0806ippozpct",
      "name": "Rug",
      "updatedAt": "2019-04-21T10:15:24.788Z",
      "_version": 1,
      "createdAt": "2019-04-21T10:15:24.788Z"
    },
    {
      "_typeName": "Category",
      "id": "cjuqs2ulr01aj08064zfm61gc",
      "name": "Shoe rack",
      "updatedAt": "2019-04-21T10:17:50.702Z",
      "_version": 1,
      "createdAt": "2019-04-21T10:17:50.702Z"
    },
    {
      "_typeName": "Category",
      "id": "cjuqs37yb01av0806cp0s0xew",
      "name": "Hook",
      "updatedAt": "2019-04-21T10:18:08.002Z",
      "_version": 1,
      "createdAt": "2019-04-21T10:18:08.002Z"
    },
    {
      "_typeName": "Permission",
      "id": "cjuqslmem01kf08062ztzkp4f",
      "updatedAt": "2019-04-21T10:32:26.542Z",
      "_version": 1,
      "createdAt": "2019-04-21T10:32:26.542Z",
      "type": "ROOT"
    },
    {
      "_typeName": "Permission",
      "id": "cjuqslw8v01kq0806tryrk42q",
      "updatedAt": "2019-04-21T10:32:39.294Z",
      "_version": 1,
      "createdAt": "2019-04-21T10:32:39.294Z",
      "type": "CREATE"
    },
    {
      "_typeName": "Permission",
      "id": "cjuqslztq01kx080683ucwp5w",
      "updatedAt": "2019-04-21T10:32:43.933Z",
      "_version": 1,
      "createdAt": "2019-04-21T10:32:43.933Z",
      "type": "UPDATE"
    },
    {
      "_typeName": "Permission",
      "id": "cjuqsm38q01l40806hibu7jf4",
      "updatedAt": "2019-04-21T10:32:48.361Z",
      "_version": 1,
      "createdAt": "2019-04-21T10:32:48.361Z",
      "type": "READ"
    },
    {
      "_typeName": "Permission",
      "id": "cjuqsm6ya01lb0806dv1zz1hr",
      "updatedAt": "2019-04-21T10:32:53.170Z",
      "_version": 1,
      "createdAt": "2019-04-21T10:32:53.170Z",
      "type": "DELETE"
    },
    {
      "_typeName": "ProductAttributeValue",
      "id": "cjv307d3q05mc0815l9c4ojzz",
      "name": "Wood",
      "updatedAt": "2019-04-29T23:38:32.336Z",
      "_version": 1,
      "createdAt": "2019-04-29T23:38:32.336Z"
    },
    {
      "_typeName": "ProductAttributeValue",
      "id": "cjv307d3z05md0815z2y0yf98",
      "name": "Cotton",
      "updatedAt": "2019-04-29T23:38:32.336Z",
      "_version": 1,
      "createdAt": "2019-04-29T23:38:32.336Z"
    },
    {
      "_typeName": "ProductAttributeValue",
      "id": "cjv307d4105me0815h6v1meyq",
      "name": "Leather",
      "updatedAt": "2019-04-29T23:38:32.336Z",
      "_version": 1,
      "createdAt": "2019-04-29T23:38:32.336Z"
    },
    {
      "_typeName": "ProductAttributeValue",
      "id": "cjv307d4405mf0815hwz6r4lr",
      "name": "Granite",
      "updatedAt": "2019-04-29T23:38:32.336Z",
      "_version": 1,
      "createdAt": "2019-04-29T23:38:32.336Z"
    },
    {
      "_typeName": "ProductAttributeValue",
      "id": "cjv307tt505n2081554f1uwpb",
      "name": "Red",
      "updatedAt": "2019-04-29T23:38:53.987Z",
      "_version": 1,
      "createdAt": "2019-04-29T23:38:53.987Z"
    },
    {
      "_typeName": "ProductAttributeValue",
      "id": "cjv307tt805n30815lbgk3efj",
      "name": "Green",
      "updatedAt": "2019-04-29T23:38:53.987Z",
      "_version": 1,
      "createdAt": "2019-04-29T23:38:53.987Z"
    },
    {
      "_typeName": "ProductAttributeValue",
      "id": "cjv307tta05n40815zs9dm48a",
      "name": "Blue",
      "updatedAt": "2019-04-29T23:38:53.987Z",
      "_version": 1,
      "createdAt": "2019-04-29T23:38:53.987Z"
    },
    {
      "_typeName": "ProductAttributeValue",
      "id": "cjv307ttg05n50815wkmkdtwj",
      "name": "White",
      "updatedAt": "2019-04-29T23:38:53.987Z",
      "_version": 1,
      "createdAt": "2019-04-29T23:38:53.987Z"
    },
    {
      "_typeName": "ProductAttributeValue",
      "id": "cjv30884q05nr0815xc3sf2mp",
      "name": "S",
      "updatedAt": "2019-04-29T23:39:12.550Z",
      "_version": 1,
      "createdAt": "2019-04-29T23:39:12.550Z"
    },
    {
      "_typeName": "ProductAttributeValue",
      "id": "cjv30884t05ns0815p7odwa4y",
      "name": "M",
      "updatedAt": "2019-04-29T23:39:12.550Z",
      "_version": 1,
      "createdAt": "2019-04-29T23:39:12.550Z"
    },
    {
      "_typeName": "ProductAttributeValue",
      "id": "cjv30884w05nt0815dsbkj3nl",
      "name": "L",
      "updatedAt": "2019-04-29T23:39:12.550Z",
      "_version": 1,
      "createdAt": "2019-04-29T23:39:12.550Z"
    },
    {
      "_typeName": "ProductAttributeValue",
      "id": "cjv30884z05nu08159jpanq8x",
      "name": "X",
      "updatedAt": "2019-04-29T23:39:12.550Z",
      "_version": 1,
      "createdAt": "2019-04-29T23:39:12.550Z"
    },
    {
      "_typeName": "Address",
      "id": "cjurxiviq006p07064var2s4z",
      "city": "TEST",
      "name": "TESTER",
      "updatedAt": "2019-04-22T05:38:02.586Z",
      "_version": 1,
      "zip": "TEST",
      "state": "TEST",
      "description": "TEST_ADDRESS",
      "createdAt": "2019-04-22T05:38:02.586Z",
      "region": "VI",
      "street": "TEST",
      "unit": "TEST",
      "district": "TEST",
      "phone": "0123456789"
    },
    {
      "_typeName": "Retailer",
      "id": "cjurxpx4o00az07063f7imdn3",
      "updatedAt": "2019-04-22T05:43:31.271Z",
      "_version": 1,
      "businessName": "FOXINY EST",
      "createdAt": "2019-04-22T05:43:31.271Z",
      "phone": "0123456789"
    },
    {
      "_typeName": "Role",
      "id": "cjuqspulf01no0806w2h2ndbb",
      "name": "ADMINISTRATOR",
      "updatedAt": "2019-04-21T10:35:43.761Z",
      "_version": 1,
      "createdAt": "2019-04-21T10:35:43.761Z",
      "type": "Administrator"
    },
    {
      "_typeName": "ProductAttribute",
      "id": "cjv307d3k05mb0815yu7yb3uw",
      "name": "Main Material",
      "updatedAt": "2019-04-29T23:38:32.335Z",
      "_version": 1,
      "createdAt": "2019-04-29T23:38:32.335Z"
    },
    {
      "_typeName": "ProductAttribute",
      "id": "cjv307tsz05n10815ce4h820h",
      "name": "Color",
      "updatedAt": "2019-04-29T23:38:53.987Z",
      "_version": 1,
      "createdAt": "2019-04-29T23:38:53.987Z"
    },
    {
      "_typeName": "ProductAttribute",
      "id": "cjv30884n05nq08156a558fz9",
      "name": "Size",
      "updatedAt": "2019-04-29T23:39:12.550Z",
      "_version": 1,
      "createdAt": "2019-04-29T23:39:12.550Z"
    }
  ]
}
